Radio Pure Classix	http://server5.radio-streams.net:8001/live	0
Radio Zlote Przeboje	https://radiostream.pl/tuba8920-1.mp3	0
RMF FM	http://195.150.20.7/rmf_fm	0
Radio Italo 4 You	http://s0.radiohost.pl:8018/stream	0
Radio ZET	http://www.emsoft.ct8.pl/inne/zet.m3u	0
Smoothjazz.com.pl	https://bcast.vigormultimedia.com:48888/sjcompl320mp3	0
Radio 90	http://streams.radio90.pl:8000/radio90_128kbps_stereo.mp3	0
Radio Plus	https://ic2.smcdn.pl/4270-1.mp3	0
Radio Pogoda	http://stream10.radioagora.pl:80/tuba144-1.mp3	0
Radio 7 Mlawa	http://stream.radio7.pl:8000	0
RMF Classic	http://31.192.216.3/rmf_classic	0
Radio 357	http://n09a-eu.rcs.revma.com/ye5kghkgcm0uv.aac	0
Radio Nowy Swiat	http://stream.rcs.revma.com/ypqt40u0x1zuv.mp3	0
Radio Eska Slask	https://waw.ic.smcdn.pl/2220-1.mp3	0
Radio Eska Rock	http://ic1.smcdn.pl/5380-1.mp3	0
Mega Radio	https://n36a-eu.rcs.revma.com/q18ty3qhwzzuv?rj-ttl=5&rj-tok=AAABi8TMBRwAZDVgPlgQkc9rkQ	0
Radio Express FM	https://stream.rcs.revma.com/yx6cub73kwzuv	0
Radio Nuta	https://stream.rcs.revma.com/0004tehdxzzuv	0
Meloradio Slask	https://n-11-28.dcs.redcdn.pl/sc/o2/Eurozet/live/meloradio.livx?audio=5	0
PR-1 Polskiego Radia	http://mp3.polskieradio.pl:8900/;	0
PR-2 Polskiego Radia	http://stream3.polskieradio.pl:8952	0
PR-3 Polskiego Radia	http://mp3.polskieradio.pl:8904/;	0
PR-4 Polskiego Radia	http://stream3.polskieradio.pl:8906	0
PR24 Polskie Radia	http://mp3.polskieradio.pl:8080/;	0
Rock Radio Polska	https://radiostream.pl/tuba9006-1.mp3	0
181.fm Country 80's	http://listen.181fm.com:8134	0
181.fm Country 90's	http://listen.181fm.com/181-90scountry_128k.mp3?noPreRoll=true#181.FM	0
181.fm - Highway 181	https://listen.181fm.com/181-highway_128k.mp3	0
TOK FM	http://radiostream.pl/tuba10-1.mp3	0
Vox FM	https://waw.ic.smcdn.pl/3990-1.mp3	0
Radio Chillizet	https://ch01.cdn.eurozet.pl/chi-net.mp3	0
Chillizet Covers	https://ch03.cdn.eurozet.pl/CHICOV.mp3	0
Chillizet Jazz	https://ch02.cdn.eurozet.pl/CHIJAZ.mp3	0
Chillizet Salon Polski	https://ch02.cdn.eurozet.pl/CHIPOL.mp3	0
Chillizet Biega	https://ch03.cdn.eurozet.pl/CHIRUN.mp3	0
Chillizet Soul	https://zt02.cdn.eurozet.pl/CHISOU.mp3	0
Chillizet World Jazz	https://ch.cdn.eurozet.pl/CHIWJZ.mp3	0
Muzyczne Radio	https://stream.rcs.revma.com/gzwc1xcq042vv	0
RMF Maxxx	https://rs6-krk2.rmfstream.pl/rmf_maxxx	0
Polskie Radio Las	http://stream3.polskieradio.pl:8528	0
Jazz24	https://live.amperwave.net/direct/ppm-jazz24aac256-ibc1	0
Radio Vox Disco 90	https://waw.ic.smcdn.pl/6170-1.mp3	0
Radio 113.fm Awesome 80s	https://113fm-atunwadigital.streamguys1.com/1003	0
Radio Dance Wave	https://dancewave.online/dance.flac.ogg.m3u	0
Radio 80s Mix Radio	https://stream.laut.fm/80s-mix-radio	0
Euro Radio	https://stream.laut.fm/euroradio	0
Musicfactoryoristan	https://stream.laut.fm/musicfactoryoristano	0
Radio Panorama 80	https://stream.laut.fm/panorama80	0
Radiodillo	https://stream.laut.fm/radiodillo	0
Sunbeatsradio	https://stream.laut.fm/sunbeatsradio	0
Radio Fama	http://stream2.nadaje.com:8076/	0
Radio Cdis	https://stream.laut.fm/radiocdis	0
Radio R.SA Italo Disco	https://rsa.streamabc.net/regc-rsasachsenitalo3107586-mp3-192-8734471	0
Radio 113.fm Electrolux	https://113fm-edge1.cdnstream.com/1787_128	0
Radio Atlantic 80s	https://chasbo1978.radioca.st/stream	0
Radio Weekend FM	http://stream.weekendfm.pl:8000/weekendfm_256kbs.mp3	0
Radio Super FM	http://stream.super.fm:8000/superfm.mp3	0
Off Radio Krakow	http://stream2.nadaje.com:13332/offradiokrakow	0
Radio Konin FM	https://stream2.technologicznie.net/konin.fm	0
Radio Pure Classix	http://server5.radio-streams.net:8001/live	0
Radio Warszawa	https://stream2.technologicznie.net/radio_warszawa.mp3	0
Radio Hit	http://46.170.199.85:8000	0
Radio Afera	http://poznan5-3.radio.pionier.net.pl:8000/afera.mp3	0
Radio EL-Stacja	http://radio.el-stacja.pl:8000/elstacja320mp3	0
Radio Classic Rock	http://mp3.polskieradio.pl:8460	0
Radio RMF 24	http://195.150.20.7/rmf_24	0
Radio 80s80s	https://regiocast.streamabc.net/regc-80s80smweb2517500-mp3-192-1672667	0
Radio Heart 80s	https://ice-sov.musicradio.com/Heart80sMP3	0
Unsung 80s Radio	https://unsung80s.out.airtime.pro:8000/unsung80s_a	0
Radio Plus	https://waw.ic.smcdn.pl/4270-1.mp3	0
Radio Przeboje PRL	http://mp3.polskieradio.pl:8466	0
Radio Oldies FM	https://hit-1.nty.uy/stream	0
0N 80s on Radio	http://0n-70s.radionetz.de:8000/0n-80s.mp3	0
113.fm Awesome 80s	https://113fm-atunwadigital.streamguys1.com/1003	0
Radio 113.fm Electrolux	https://113fm-edge1.cdnstream.com/1787_128	0
Radio 80s Forever Radio	https://premium.shoutcastsolutions.com/radio/8050/64AAC+.mp3	0
Radio 80s80s ItaloDisco	https://streams.80s80s.de/italohits/mp3-192	0
Radio 80s80s Love	https://streams.80s80s.de/love/mp3-192/streams	0
Radio Italo Disco	https://broadcast.miami/proxy/italodisco?mp=/stream2/;	0
Radio Disco	https://stream.rcs.revma.com/cvswvmyewzzuv	0
Radio Vinyl Maxi FM	https://stream.laut.fm/vinyl-maxi-fm	0
Intense Radio Dance	http://secure.live-streams.nl/flac.ogg	0
Radio Paradise Mellow	http://stream.radioparadise.com/mellow-flac	0
Radio Paradise Rock Mix	http://stream.radioparadise.com/rock-flac	0
Radio Paradise Global	http://stream.radioparadise.com/global-flac	0
Radio The Zone Dublin	http://uk1.internet-radio.com:8355/	0
Radio Dance Wave Retro	https://retro.dancewave.online/retrodance.flac.ogg.m3u	0
Radio Dance Wave	https://dancewave.online/dance.flac.ogg.m3u	0
Muzyczne Radio	https://stream3.nadaje.com:8593	0
Radio Classic Rock Planet Bank 1 Stacja 90	http://us5.internet-radio.com:8279/	0
Radio The Big 80s Station Bank 1 Stacja 91	http://178.32.62.167:8545/stream	0
Radio Mirage	http://s0.radiohost.pl:9569/;	0
The Hit Man Radio	http://uk2.internet-radio.com:8121/	0
DiscoParty.pl- Club Mix	https://s3.slotex.pl/shoutcast/7354/stream	0
DiscoParty.pl - Disco 1	https://s1.slotex.pl/shoutcast/7432/stream	0
DiscoParty.pl - Disco 2	https://s3.slotex.pl/shoutcast/7046/stream	0
Soundtracks Radio	http://uk5.internet-radio.com:8256/	0
Radio Paradise	http://stream-dc1.radioparadise.com/rp_192m.ogg	0
Radio THE RAVE ZONE 24h	http://stream-vie.radio-zone.ru:8000/rz_vie_ogg_256	0
90s90s The BEAT	https://streams.90s90s.de/main/mp3-192/	0
Radio Top 80	http://top80.pl:8000/listen.mp3	0
Radio Italo Dance	http://radio.italodance.pl:7694	0
Radio MBOX	http://panel.radiombox.pl/radio/8040/GoldHits320kbps	0
Radio Mirage	http://s0.radiohost.pl:9569/;	0
Radio GAY FM	http://icepool.silvacast.com/GAYFM.mp3	0
Radio Laserbeat FM	http://stream.laut.fm/laserbeat-fm	0
90s90s Dance	https://streams.90s90s.de/eurodance/mp3-192/	0
90s90s Grunge	https://streams.90s90s.de/grunge/mp3-192/liveradio/	0
90s90s Hits	https://streams.90s90s.de/pop/mp3-192/	0
Radio Pasja Glowna	http://91.232.4.33:8049/stream2	0
Radio Pasja POP	http://91.232.4.33:8084/stream2	0
Radio Pasja Klubowa	http://91.232.4.33:9460/stream2	0
Radio Pasja Chill	http://91.232.4.33:8108/stream2	0
Radio Pasja Relaks	http://91.232.4.33:8102/stream2	0
Radio Pasja Klubowa	http://91.232.4.33:9460/stream2	0
Radio Pasja Dance	http://91.232.4.33:9466/stream2	0
Radio RAM	http://stream4.nadaje.com:9220/ram.m3u	0
Muzyczne Radio	http://stream3.nadaje.com:9000/;stream.m3u	0
Trendy Radio	http://stream.trendyradio.pl:8000/h.m3u	0
Twoja Polska Stacja	http://sluchaj.twojapolskastacja.pl:8068/listen.pls	0
Radio Muzo FM	http://stream.rcs.revma.com/1nnezw8qz7zuv.m3u	0
Radio Alex	http://proxima.shoutca.st:9045/stream	0
Rockserwis.fm	http://stream9.nadaje.com:8002/live	0
Toksyna FM	http://s01.toksyna.fm:8000/stream	0
Twoje Radio AM	http://s1.slotex.pl:7424/;	0
Radio Weekend	http://stream.weekendfm.pl:8000/weekendfm_najlepsza.mp3	0
Radio Jura	http://streams2.radiojura.com.pl:8000/jura_128kbps_stereo.mp3	0
Radio FIAT	http://stream2.nadaje.com:8056/;	0
Bayer FM	https://streaming.radio5.com.pl:8888/bayerfm	0
Radio Gdansk	http://stream.task.gda.pl:8000/rg1	0
Radio Kaszebe	http://stream2.nadaje.com:8060/;	0
Radio C C M	http://primary.moodyradiostream.org/radioccm	0
Radio Fest	http://primary.moodyradiostream.org/radiofest	0
Radio Imperium	https://stream.radioimperium.pl:8443/stream	0
Elka Glogow	http://live.elka.pl:8000/miedziowe.pl	0
Inne Radio	http://stream4.nadaje.com:8386/test	0
Radio Gniezno	http://stream3.nadaje.com:8012/;	0
Radio Bogoria	http://s6.radiohost.pl:8888	0
Centrum Kalisz	http://shot2.inten.pl:8888/rcfm.mp3	0
eM Katowice	http://194.181.177.253:8000/	0
Radio Park FM	http://sluchaj.radiopark.com.pl:8048/	0
Radio Sud	http://stream2.nadaje.com:8012/;	0
Radio Fama	http://stream2.nadaje.com:8076/;	0
Radio Koszalin	http://91.232.4.33:9680/stream	0
Off Radio Krakow	http://stream4.nadaje.com:13332/offradiokrakow	0
Radio Q	http://37.130.30.166:8020/;	0
Radio Parada	http://stream4.nadaje.com:15274/live	0
Radio 7	http://stream.radio7.pl:8000	0
Doxa FM	http://shot.inten.pl:10000/	0
Rekord Radio	http://stream4.nadaje.com:8308/ostrowiec	0
POP Radio	http://stream1.popradio.pl:9000/	0
Radio Fara	http://62.133.128.22:8000/relay	0
Nasze Radio	https://online.nasze.fm:8443/stream	0
Radio Energy 2000	http://energy2000.radioparty.pl:8005/	0
Radio RAM Wroclaw	http://stream4.nadaje.com:9220/ram.m3u	0
Phever Media Live	http://uk1.internet-radio.com:8200/live	0
Move Da House	http://uk7.internet-radio.com:8000/	0
Radio LEM FM	http://n13.radiojar.com/2fa0gbhr9bhvv	0
Radio MRS	http://145.239.26.146:7494/	0
Muzyczne Radio Best	https://stream.rcs.revma.com/umvz3dg5072vv	0
Muzyczne Radio HitPly	https://stream.rcs.revma.com/yntzhng5072vv	0
Planeta FM	https://pl02.cdn.eurozet.pl/pla-net.mp3	0
Radio One Live 80s&90	http://91.232.4.33:8198/stream	0
Radio Top 80	http://radio.top80.pl:9940	0
FTB.net-Club	http://play.radioftb.net:8000	0
FTB.net-Disco Polo	http://play.radioftb.net:8022	0
FTB.net-Flash FM	http://play.radioftb.net:8008	0
FTB.net-Rap Music	http://play.radioftb.net:8028	0
FTB.net-Retro DJ	http://play.radioftb.net:8016	0
InterStacja	http://4stream.pl:18322	0
InterStacja Club	http://4stream.pl:18268	0
InterStacja Disco Polo	http://4stream.pl:18274	0
InterStacja Eurodance	http://4stream.pl:18180	0
InterStacja Najnowsze	http://4stream.pl:18410	0
InterStacja Oldies	http://4stream.pl:18290	0
Mbox	http://panel.radiombox.pl/radio/8000/RadioMbox320	0
Mbox Club	http://panel.radiombox.pl/radio/8070/Club320kbps	0
Mbox Disco Polo	http://panel.radiombox.pl/radio/8030/DiscoPolo320kbps	0
Mbox Gold Hits	http://panel.radiombox.pl/radio/8040/GoldHits320kbps	0
Mbox Rock	http://panel.radiombox.pl/radio/8090/Rock320kbps	0
Mirage Italo Dance	https://ssl-1.radiohost.pl:9569	0
Mirage Prywatka	https://ssl-1.radiohost.pl:7214	0
Mirage Space	https://ssl-1.radiohost.pl:9563	0
Muzyczne Radio TOP20	https://stream2.nadaje.com:8017	0
Radio Nedds24.pl	http://s1.nedds24.pl:8100/radio.mp3	0
Radio Nedds24 Club	http://s1.nedds24.pl:8110/radio.mp3	0
Radio Nedds24 Disco	http://s1.nedds24.pl:8120/radio.mp3	0
Radio Italo4you	http://s0.radiohost.pl:8018/stream	0
Italo Dance	http://radio.italodance.pl:7694	0
Italodance Neo80s	http://neo80s.italodance.pl:7750	0
Radio Muza 80	http://91.232.4.33:9011/stream	0
Radio i	http://185.127.121.97:8005/;stream/1	0
Radio Dzwiek	http://s3.slotex.pl:7408/;	0
Czech Radio CRo Vltava	http://amp.cesnet.cz:8000/cro3-256.ogg	0
Czech Radio CRo D-dur	http://amp.cesnet.cz:8000/cro-d-dur-256.ogg	0
Czech Radio CRo Jazz	http://amp.cesnet.cz:8000/cro-jazz-256.ogg	0
Czech Radio CRo Wave	http://amp.cesnet.cz:8000/cro-radio-wave-256.ogg	0
Antyradio	https://an01.cdn.eurozet.pl/ant-kat.mp3	0
Centrum Kalisz	http://shot2.inten.pl:8888/rcfm.mp3	0
eM Katowice	http://194.181.177.253:8000/	0
Katolickie Radio Rzeszow	http://62.133.128.18:8040/;	0
Konin FM	http://stream2.technologicznie.net:80/konin.fm	0
Off Radio Krakow	http://stream4.nadaje.com:13332/offradiokrakow	0
Olsztyn UWM FM	http://213.184.18.156:8000/	0
Opatow	http://stream2.nadaje.com:11144	0
Plock FM	https://stream.rcs.revma.com/6qvcy46wmc9uv	0
PR Bialystok	http://stream4.nadaje.com:15476/radiobialystok	0
PR Opole	http://dab.radio.opole.pl:8035/1	0
PR Pomorza i Kujaw	http://stream.radiopik.pl:9004/;	0
PR Zachod	http://stream02.zachod.pl:10113/;	0
Pro-Radio Zgierz	http://radiointernetowe.net:7802	0
Radio Andrychow	http://s1.slotex.pl:7424	0
Radio Bialystok	http://stream4.nadaje.com:15476/radiobialystok	0
Radio Bielsko	https://stream.rcs.revma.com/062uq3z3kwzuv	0
Radio Yanosik	http://n25a-eu.rcs.revma.com:80/sn11544ebhuvv	0
Radio Bogoria	http://s6.radiohost.pl:8888	0
Radio Centrum Kalisz	http://shot2.inten.pl:8888/rcfm.mp3	0
Radio Centrum Lublin	https://stream12.hosterion.pl/stream/akademickieradiocentrum	0
Radio Centrum Rzeszow	http://62.93.41.27:8000	0
Radio Dla Ciebie Plock	http://stream4.nadaje.com:14006/plock	0
Radio Elbag	http://n05.radiojar.com/q87xmtvrrg8uv	0
Radio Elka Glogow	http://live.elka.pl:8000/miedziowe.pl	0
Radio Elka Leszno	http://live.elka.pl:8000/elka	0
Radio Extra Szczecin	http://stream3.nadaje.com:8200/szczecinfm	0
Radio Fama Kielce	http://stream2.nadaje.com:8076/	0
Radio Fama Zyrardow	http://stream4.nadaje.com:13770	0
Radio Gdansk	http://stream.task.gda.pl:8000/rg1	0
Radio Gdansk DAB2	http://stream.task.gda.pl:8000/rg4	0
Radio Gdansk Slupsk	http://stream.task.gda.pl:8000/rg3	0
Radio Gdynia	http://51.255.8.139:8064/stream	0
Radio Gniezno	http://stream3.nadaje.com:8012	0
Radio Goralskie	https://s3.slotex.pl/shoutcast/7398/stream	0
Radio Gorzow	http://stream02.radiogorzow.pl:10115	0
Radio Hit Wloclawek	http://46.170.199.85:8000	0
Radio Istebna	http://s1.slotex.pl:7870	0
Radio Jura	http://streams.radiojura.com.pl:8000/jura_128kbps_stereo.mp3	0
Radio Kaszebe	http://stream2.nadaje.com:8060/;	0
Radio Kaszebe	http://stream3.nadaje.com:8048	0
Radio Katowice	http://stream4.nadaje.com:9212/radiokatowice	0
Radio Katowice Moje Radio Bank 3 Stacja 42	https://stream4.nadaje.com:8497/katowice_c	0
Radio Kielce Folk	http://gra.radio.kielce.pl:8000/frmp3	0
Radio Kolobrzeg	http://194.24.244.11:8000/;	0
Radio Konin FM	https://stream2.technologicznie.net/konin.fm	0
Radio Koszalin	http://s0.radiohost.pl:8240/;	0
Radio Koszalin	http://91.232.4.33:9680/stream	0
Radio Krakow	http://stream4.nadaje.com:9680/radiokrakow-s3	0
Radio Krakow Nowy Sacz	http://stream3.nadaje.com:9120/radiokrakow	0
Radio Krakow Sportowy	http://stream3.nadaje.com:9128/radiokrakow	0
Radio Krakow Tarnow	http://stream3.nadaje.com:9118/radiokrakow	0
Radio Kujawy	http://radio.kujawy.info:9940/1	0
Radio Lodz	http://217.113.224.171/RadioLodz-1.mp3	0
Radio Lodz	http://217.113.224.171:80/RadioLodz-1-HQ.aac	0
Radio Lodz Extra	http://217.113.224.171:80/RadioLodz-2-HQ.aac	0
Radio Lodz Nad Warta	http://217.113.224.171:80/RadioLodz-NW-HQ.aac	0
Radio Lublin	http://www.emsoft.ct8.pl/inne/rlublin.m3u	0
Radio Lublin	https://streaming.radio.lublin.pl:8843/128k	0
Radio Malbork	http://stream3.nadaje.com:9022/	0
Radio Naklo	http://145.239.92.77:80/;	0
Radio OFF Krakow	http://stream2.nadaje.com:13332/offradiokrakow	0
Radio Olsztyn	http://olsztyn.radio.pionier.net.pl:7055/;	0
Radio Olsztyn	http://213.73.25.178:7055/listen.pls	0
Radio Opole	http://dab.radio.opole.pl:8070/1.m3u	0
Radio Opole 2 Kultura	http://193.47.151.4:9000/ro2mp3	0
Radio Opole 3 Sport	http://193.47.151.4:9000/ro3mp3	0
Radio Opole 4 Historia	http://193.47.151.4:9000/ro4mp3	0
Radio Ostrowiec	http://s1.slotex.pl:7050/stream/1/	0
Radio PiK	http://stream1.radiopik.pl:9004	0
Radio Plonsk	http://stream.radioplonsk.pl:9360	0
Radio Pomorza i Kujaw	http://stream.radiopik.pl:9004/;	0
Radio Poznan	http://stream4.nadaje.com:8578/poznan	0
Radio Rzeszow	http://streaming.g-news.pl:8040/rzeszow	0
Radio Silesia	https://stream.rcs.revma.com/xq23sp6fyyzuv	0
Radio Slupsk	http://91.232.4.33:8240/stream	0
Radio Sochaczew	http://stream2.nadaje.com:8080	0
Radio Starogard	https://stream.rcs.revma.com/5wegfyrra2zuv	0
Radio Sudety 2 4	http://stream4.nadaje.com:15006/sudety24	0
Radio Swiatowid	http://s1.slotex.pl:7006	0
Radio Swinoujscie	http://185.243.52.116:8010	0
Radio Swinoujscie	http://185.243.52.116:8010	0
Radio Szczecin	http://stream4.nadaje.com:11986/prs.aac	0
Radio Szczecin	https://stream4.nadaje.com:11987/prs	0
Radio Szczecin	http://stream4.nadaje.com:11986/prs.m3u	0
Radio Szczecin Extra	https://stream3.nadaje.com:8201/szczecinextra	0
Radio Tczew	http://195.191.180.5:8000/live	0
Radio Wielkopolska	http://217.182.76.63:8000/webstream	0
Radio Wnet	http://audio.radiownet.pl:8000/stream	0
Radio Wolna Strefa	http://91.232.4.33:8186/stream	0
Radio Wroclaw	http://stream4.nadaje.com:9240/prw.m3u	0
Radio Wroclaw Kultura	http://stream4.nadaje.com:9230/rwkultura	0
Radio Wrzesnia FM	http://s1.slotex.pl:7446	0
Radio Zachod	http://stream02.zachod.pl:10113	0
Radio Zawiercie	https://s3.slotex.pl/shoutcast/7654/stream	0
Radio Zielona Gora	http://stream02.rzg.pl:10117	0
Radio Ziemi Wielunskiej	http://stream2.nadaje.com:8022	0
PR	https://stream85.polskieradio.pl/omniaaxe/k45.stream/playlist.m3u8	0
Radom	http://stream6.nadaje.com:15292/radioradompl	0
Twoje Radio Stargard	http://51.77.59.65:8100/stream.mp3	0
181.FM Classic Hits	http://listen.livestreamingservice.com/181-greatoldies_128k.mp3	0
181.FM GoodTimeOldies	http://listen.livestreamingservice.com/181-goodtime_128k.mp3	0
181.FM Mellow Gold	http://listen.livestreamingservice.com/181-mellow_128k.mp3	0
181.FM Soul	http://listen.livestreamingservice.com/181-soul_128k.mp3	0
181.FM Beatles	http://listen.livestreamingservice.com/181-beatles_128k.mp3	0
181.FM Super 70s	http://listen.livestreamingservice.com/181-70s_128k.mp3	0
181.FM Awesome 80s	http://listen.livestreamingservice.com/181-awesome80s_128k.mp3	0
181.FM Lite 80s	http://listen.livestreamingservice.com/181-lite80s_128k.mp3	0
181.FM 80's Country	http://listen.livestreamingservice.com/181-80scountry_128k.mp3	0
181.FM 80's RnB	http://listen.livestreamingservice.com/181-80srnb_128k.mp3	0
181.FM 80's Lite RnB	http://listen.livestreamingservice.com/181-80sliternb_128k.mp3	0
181.FM 80's Hairband	http://listen.livestreamingservice.com/181-hairband_128k.mp3	0
181.FM Star 90's	http://listen.livestreamingservice.com/181-star90s_128k.mp3	0
181.FM 90's Country	http://listen.livestreamingservice.com/181-90scountry_128k.mp3	0
181.FM Lite 90's	http://listen.livestreamingservice.com/181-lite90s_128k.mp3	0
181.FM 90's Alternative	http://listen.livestreamingservice.com/181-90salt_128k.mp3	0
181.FM 90's Dance	http://listen.livestreamingservice.com/181-90sdance_128k.mp3	0
181.FM 90's Lite RnB	http://listen.livestreamingservice.com/181-90sliternb_128k.mp3	0
181.FM 90's RnB	http://listen.livestreamingservice.com/181-90srnb_64k.aac	0
181.FM Power	http://listen.livestreamingservice.com/181-power_128k.mp3	0
181.FM E-Power	http://listen.livestreamingservice.com/181-powerexplicit_128k.mp3	0
181.FM The Office	http://listen.livestreamingservice.com/181-office_128k.mp3	0
181.FM The Mix	http://listen.livestreamingservice.com/181-themix_128k.mp3	0
181.FM The Point	http://listen.livestreamingservice.com/181-thepoint_128k.mp3	0
181.FM Old School Hip	http://listen.livestreamingservice.com/181-oldschool_128k.mp3	0
181.FM Smooth AC	http://listen.livestreamingservice.com/181-smoothac_128k.mp3	0
181.FM UK Top 40	http://listen.livestreamingservice.com/181-uktop40_128k.mp3	0
181.FM The Heart	http://listen.livestreamingservice.com/181-heart_128k.mp3	0
181.FM The Vibe Vegas	http://listen.livestreamingservice.com/181-vibe_128k.mp3	0
181.FM The Buzz	http://listen.livestreamingservice.com/181-buzz_128k.mp3	0
181.FM Classic Buzz	http://listen.livestreamingservice.com/181-classicbuzz_128k.mp3	0
181.FM The Eagle	http://listen.livestreamingservice.com/181-eagle_128k.mp3	0
181.FM Rock	http://listen.livestreamingservice.com/181-rock_128k.mp3	0
181.FM 40 Rock & Roll	http://listen.livestreamingservice.com/181-rock40_128k.mp3	0
181.FM 80's Hairband	http://listen.livestreamingservice.com/181-hairband_128k.mp3	0
181.FM Yacht Rock	http://listen.livestreamingservice.com/181-yachtrock_128k.mp3	0
181.FM Chloe	http://listen.livestreamingservice.com/181-chloe_128k.mp3	0
181.FM The Point	http://listen.livestreamingservice.com/181-thepoint_128k.mp3	0
181.FM The Rock!	http://listen.livestreamingservice.com/181-hardrock_128k.mp3	0
181.FM Kickin' Country	http://listen.livestreamingservice.com/181-kickincountry_128k.mp3	0
181.FM Real Country	http://listen.livestreamingservice.com/181-realcountry_128k.mp3	0
181.FM Highway	http://listen.livestreamingservice.com/181-highway_128k.mp3	0
181.FM 80's Country	http://listen.livestreamingservice.com/181-80scountry_128k.mp3	0
181.FM 90's Country	http://listen.livestreamingservice.com/181-90scountry_128k.mp3	0
181.FM Front Porch	http://listen.livestreamingservice.com/181-frontporch_128k.mp3	0
181.FM The Beat	http://listen.livestreamingservice.com/181-beat_128k.mp3	0
181.FM The Box	http://listen.livestreamingservice.com/181-thebox_128k.mp3	0
181.FM True R&B	http://listen.livestreamingservice.com/181-rnb_128k.mp3	0
181.FM Soul	http://listen.livestreamingservice.com/181-soul_128k.mp3	0
181.FM Party	http://listen.livestreamingservice.com/181-party_128k.mp3	0
181.FM Jammin	http://listen.livestreamingservice.com/181-jammin_128k.mp3	0
181.FM 80's RnB	http://listen.livestreamingservice.com/181-80srnb_128k.mp3	0
181.FM 80's Lite RnB	http://listen.livestreamingservice.com/181-80sliternb_128k.mp3	0
181.FM Old School Hip	http://listen.livestreamingservice.com/181-oldschool_128k.mp3	0
181.FM Energy 98	http://listen.livestreamingservice.com/181-energy98_128k.mp3	0
181.FM Chilled Out	http://listen.livestreamingservice.com/181-chilled_128k.mp3	0
181.FM Classic Energy	http://listen.livestreamingservice.com/181-classicenergy_128k.mp3	0
181.FM Energy 93	http://listen.livestreamingservice.com/181-energy93_128k.mp3	0
181.FM Studio	http://listen.livestreamingservice.com/181-ball_128k.mp3	0
181.FM Vibe of Vegas	http://listen.livestreamingservice.com/181-vibe_128k.mp3	0
181.FM 90's Dance	http://listen.livestreamingservice.com/181-90sdance_128k.mp3	0
181.FM Techno Club	http://listen.livestreamingservice.com/181-technoclub_128k.mp3	0
181.FM The Breeze	http://listen.livestreamingservice.com/181-breeze_128k.mp3	0
181.FM True Blues	http://listen.livestreamingservice.com/181-blues_128k.mp3	0
181.FM Jazz Mix	http://listen.livestreamingservice.com/181-jazzmix_128k.mp3	0
181.FM Classical Guitar	http://listen.livestreamingservice.com/181-classicalguitar_128k.mp3	0
181.FM Classical Jazz	http://listen.livestreamingservice.com/181-classicaljazz_128k.mp3	0
181.FM Vocal Jazz	http://listen.livestreamingservice.com/181-vocals_128k.mp3	0
181.FM BeBop Jazz	http://listen.livestreamingservice.com/181-bebop_128k.mp3	0
181.FM Fusion Jazz	http://listen.livestreamingservice.com/181-fusionjazz_128k.mp3	0
181.FM Trance Jazz	http://listen.livestreamingservice.com/181-trancejazz_128k.mp3	0
181.FM Classical Music	http://listen.livestreamingservice.com/181-classical_128k.mp3	0
181.FM Acid Jazz	http://listen.livestreamingservice.com/181-acidjazz_128k.mp3	0
181.FM Comedy Club	http://listen.livestreamingservice.com/181-comedy_128k.mp3	0
Life Radio 80er	https://stream.liferadio.at/80er/mp3-192/app/	0
Life Radio Chill Out	https://stream.liferadio.at/chillout/mp3-192/app/	0
Life Radio Christmas	https://stream.liferadio.at/xmas/mp3-192/app/	0
Life Radio Home Office	https://stream.liferadio.at/homeoffice/mp3-192/app/	0
Life Radio Life Radio	https://stream.liferadio.at/liferadio/mp3-192/app/	0
Life Radio Sommersongs	https://stream.liferadio.at/sommer/mp3-192/app/	0
Life Radio Testchannel	https://liferadio.stream.vip/test/mp3-192/app/	0
Life Radio Top500	https://stream.liferadio.at/top500/mp3-192/app/	0
Radio Toksyna FM	http://s01.toksyna.fm:8000	0
Radio Toksyna FM DJ Chann Bank 4 Stacja 84	http://s01.toksyna.fm:8040	0
Radio Toksyna FM Elektron Bank 4 Stacja 85	http://s01.toksyna.fm:8010	0
Radio Toksyna FM New Roma Bank 4 Stacja 86	http://s01.toksyna.fm:8020	0
Radio Toksyna FM PsyTranc Bank 4 Stacja 87	http://s01.toksyna.fm:8030	0
Radio Toksyna FM Punk Roc Bank 4 Stacja 88	http://s01.toksyna.fm:8070	0
PARTY VIBE-DRUM&BASS	http://94.130.242.5:8004/stream	0
PARTY VIBE-DUBSTEP	http://94.130.242.5:8040/stream	0
PARTY VIBE-POP	http://94.130.242.5:8024/stream	0
PARTY VIBE-PSYTRANCE	http://94.130.242.5:8010/stream	0
PARTY VIBE-RAP	http://94.130.242.5:8016/stream	0
PARTY VIBE-REGGAE	http://94.130.242.5:8000/stream	0
PARTY VIBE-ROCK	http://94.130.242.5:8032/stream	0
PARTY VIBE-TECHNO	http://94.130.242.5:8046/stream	0
Mirage Italo Dance	https://ssl-1.radiohost.pl:9569	0
Mirage Prywatka	https://ssl-1.radiohost.pl:7214	0
Mirage Space	https://ssl-1.radiohost.pl:9563	0
Round and Sound radio	http://stream.roundandsound.nl:80/;	0
Smooth	http://stream.klassikradio.de/smooth/mp3-192/www.klassikradio.de/	0
Smoothjazz.com.pl	https://bcast.vigormultimedia.com:48888/sjcompl320mp3	0
Smoothjazz.com.pl	http://bcast.vigormultimedia.com:8888/sjcompl320mp3	0
BluesRadio Athens Greece	https://live.bluesradio.gr:8352/;	0
Classic Vinyl	https://icecast.walmradio.com:8443/classic	0
Smooth Jazz	https://bcast.vigormultimedia.com:48888/sjcompl320mp3	0
Blues Wave	https://blueswave.radio:8100/hifiblues	0
Radio Chillizet	https://ch01.cdn.eurozet.pl/chi-net.mp3	0
Chillizet Jazz	https://ch02.cdn.eurozet.pl/CHIJAZ.mp3	0
Chillizet Soul	https://zt02.cdn.eurozet.pl/CHISOU.mp3	0
Chillizet World Jazz	https://ch.cdn.eurozet.pl/CHIWJZ.mp3	0
Radio Toksyna FM Chillout Bank 6 Stacja 13	http://s01.toksyna.fm:8050	0
Smooth Jazz V 98.7	https://login.webinternetradio.com:1590/;	0
Smooth Jazz 247	https://jking.cdnstream1.com/b75154_128mp3	0
Smooth Jazz CD New York	http://server.webnetradio.net:5274/;	0
Smooth Jazz Chill	http://server.webnetradio.net:5226/;	0
Smooth Jazz Deluxe	https://az1.mediacp.eu/listen/asmoothjazzdeluxe/radio.mp3	0
Smooth Jazz Florida Class Bank 6 Stacja 19	https://streaming.shoutcast.com/smooth-jazz-florida-classics	0
Smooth Jazz Hot 100	http://server.webnetradio.net:5254/;	0
Smooth Jazz Lounge HD	https://fastcast4u.com/player/wsjfhd-airspectrum/?pl=winamp&c=0	0
Smooth Jazz Planet	https://hestia2.cdnstream.com/1258_128	0
Smooth Jazz Wave la	http://server.webnetradio.net:5370/;	0
Smoothjazz.com - Global	https://smoothjazz.cdnstream1.com/2585_128.mp3	0
Smooth Jazz UK	https://hearme.fm:13190/online-radio-box	0
Smooth Jazz - Instrument	https://stream.laut.fm/smooth-jazz	0
Smooth Jazz and More	https://cast1.torontocast.com:1480/stream	0
Smooth Jazz Portugal	https://stream-hls.bauermedia.pt/smojazz.aac/playlist.m3u8	0
City Jazz	https://stream.radiotechnikum.at/CITYJAZZ	0
0N - Smooth Jazz	https://0n-2000s.radionetz.de/0n-smoothjazz.mp3	0
Linn Jazz	http://radio.linn.co.uk:8000/autodj	0
Radio Nadaje-Chillout	http://panel.nadaje.com:9004	0
Lounge-radio, Swiss made	http://live.streamhosting.ch:80	0
181.FM	http://listen.181fm.com:8700	0
Lounge	http://stream.klassikradio.de/lounge/mp3-192/www.klassikradio.de/	0
Lounge Beat	http://stream.klassikradio.de/lounge-beat/mp3-192/www.klassikradio.de/	0
Friends @ Home	http://stream.klassikradio.de/friendshome/mp3-192/www.klassikradio.de/	0
Games	http://stream.klassikradio.de/games/mp3-192/www.klassikradio.de/	0
Hi On Line Radio Lounge	http://mediaserv33.live-streams.nl:8036/live	0
Hi On Line Radio Jazz	http://mediaserv38.live-streams.nl:8006/live	0
PARTY VIBE-AMBIENT	http://94.130.242.5:8056/stream	0
Radio Pasja Chill	http://91.232.4.33:8108/stream2	0
Radio Pasja Relaks	http://91.232.4.33:8102/stream2	0
Blues Wave	https://blueswave.radio:8100/hifiblues	0
Radio Jazz FM	https://radiojazz.out.airtime.pro/radiojazz_a	0
113.fm - Alt Nation	https://113fm-atunwadigital.streamguys1.com/1001	0
113.fm - Area 51	https://113fm-edge2.cdnstream.com/1774_128	0
113.fm - Awesome 80s	https://113fm-atunwadigital.streamguys1.com/1003	0
113.fm - Awesome 80s-1981 Bank 6 Stacja 49	https://113fm-edge2.cdnstream.com/1742_128	0
113.fm - Awesome 80s-1982 Bank 6 Stacja 50	https://113fm-edge2.cdnstream.com/1750_128	0
113.fm - Awesome 80s-1983 Bank 6 Stacja 51	https://113fm-edge2.cdnstream.com/1753_128	0
113.fm - Awesome 80s-1984 Bank 6 Stacja 52	https://113fm-edge2.cdnstream.com/1745_128	0
113.fm - Awesome 80s-1985 Bank 6 Stacja 53	https://113fm-edge2.cdnstream.com/1747_128	0
113.fm - Awesome 80s-1986 Bank 6 Stacja 54	https://113fm-edge2.cdnstream.com/1751_128	0
113.fm - Awesome 80s-1987 Bank 6 Stacja 55	https://113fm-edge2.cdnstream.com/1761_128	0
113.fm - Awesome 80s-1988 Bank 6 Stacja 56	https://113fm-edge2.cdnstream.com/1760_128	0
113.fm - Awesome 80s-1989 Bank 6 Stacja 57	https://streaming.live365.com/a75607	0
113.fm-Big Kickin Country Bank 6 Stacja 58	https://113fm-atunwadigital.streamguys1.com/1004	0
113.fm - Bluesville	https://113fm-edge2.cdnstream.com/1816_128	0
113.fm - BPM	https://113fm-edge1.cdnstream.com/1736_128	0
113.fm - Chill Zone	https://113fm-atunwadigital.streamguys1.com/1007	0
113.fm - Classic One	https://113fm-edge2.cdnstream.com/1864_128	0
113.fm - Coffee House	https://113fm-edge2.cdnstream.com/1728_128	0
113.fm - Electrolux	https://113fm-edge1.cdnstream.com/1787_128	0
113.fm - Elevator	https://113fm-atunwadigital.streamguys1.com/1010	0
113.fm - Energy	https://113fm-edge2.cdnstream.com/1741_128	0
113.fm - Flashback	https://113fm-edge1.cdnstream.com/1771_128	0
113.fm - Free Bird	https://113fm-edge2.cdnstream.com/1748_128	0
113.fm - Highway	https://113fm-edge1.cdnstream.com/1721_128	0
113.fm - Hits 2 K	https://113fm-edge2.cdnstream.com/1812_128	0
113.fm - Hits 2015	https://113fm-edge2.cdnstream.com/1744_128	0
113.fm - Hitz UK	https://113fm-edge2.cdnstream.com/1778_128	0
113.fm - Indie Nation	https://113fm-edge2.cdnstream.com/1814_128	0
113.fm - Jitterbug	https://113fm-edge2.cdnstream.com/1785_128	0
113.fm - Korean Pop	https://113fm-edge2.cdnstream.com/1789_128	0
113.fm - Lovers Lane	https://113fm-atunwadigital.streamguys1.com/1050	0
113.fm - Mistletoe	https://113fm-edge2.cdnstream.com/1867_128	0
113.fm - Pop 2 K USA	https://113fm-edge1.cdnstream.com/1737_128	0
113.fm - Power	https://113fm-edge1.cdnstream.com/1730_128	0
113.fm - Relive	https://113fm-edge2.cdnstream.com/1797_128	0
113.fm - Retro	https://113fm-atunwadigital.streamguys1.com/1056	0
113.fm - Retro USA	https://113fm-edge2.cdnstream.com/1722_128	0
113.fm - Revolution USA	https://113fm-edge2.cdnstream.com/1723_128	0
113.fm - Route 66	https://113fm-edge2.cdnstream.com/1755_128	0
113.fm - Salsa	https://113fm-edge2.cdnstream.com/1798_128	0
113.fm - Star USA	https://113fm-edge2.cdnstream.com/1727_128	0
Radio Party	http://s4.radioparty.pl:8000/rp.mp3	0
Radio Party-Djmixes	http://djmixes.radioparty.pl:8035	0
Radio Party-Energy 2000	http://energy2000.radioparty.pl:8005	0
Radio Party-House	http://house.radioparty.pl:8010	0
Radio Party-Trance	http://trance.radioparty.pl:8015	0
Radio Party-Vocal Tra	http://vocal.trance.radioparty.pl:8025	0
Radio Pasja	http://91.232.4.33:8049/stream	0
Radio Pasja-Chillout	http://91.232.4.33:8108/stream	0
Radio Pasja-Dance	http://91.232.4.33:9466/stream	0
Radio Pasja-Klubowa	http://91.232.4.33:9460/stream	0
Radio Pasja-Pop	http://91.232.4.33:8084/stream	0
Radio Pasja-Relaks	http://91.232.4.33:8102/stream	0
Polskie Radio Jedynka	http://stream3.polskieradio.pl:8950	0
Polskie Radio Dwojka	http://stream3.polskieradio.pl:8952	0
Polskie Radio Trojka	http://stream3.polskieradio.pl:8954	0
Polskie Radio Czworka	http://stream3.polskieradio.pl:8956	0
Polskie Radio 24	http://stream3.polskieradio.pl:8480	0
Polskie Radio Chopin	http://stream3.polskieradio.pl:8960	0
Polskie Radio Dzieciom	http://stream3.polskieradio.pl:8966	0
Polskie Radio Kierowcow	http://stream3.polskieradio.pl:8968	0
Polskie Radio Archeologi	http://stream3.polskieradio.pl:8514	0
Bohaterowie lektur	http://stream3.polskieradio.pl:8484	0
Cafe Fogg	http://stream3.polskieradio.pl:8418	0
Polskie Radio Ciechowski	http://stream3.polskieradio.pl:8412	0
Polskie Radio Genesis	http://stream3.polskieradio.pl:8574	0
Historia najnowsza Pol.	http://stream3.polskieradio.pl:8482	0
Historia ZSRR	http://stream3.polskieradio.pl:8512	0
Jan Pawel II w Radiach	http://stream3.polskieradio.pl:8580	0
Koncerty w Trojce	http://stream3.polskieradio.pl:8410	0
Konkurs Chopinowski	http://stream3.polskieradio.pl:8422	0
Polskie Radio Kosmos	http://stream3.polskieradio.pl:8408	0
Polskie Radio Las	http://stream3.polskieradio.pl:8528	0
Polskie Radio Minimax	http://stream3.polskieradio.pl:8446	0
Muzyka zrodel	http://stream3.polskieradio.pl:8558	0
Najpiekniejsze polskie	http://stream3.polskieradio.pl:8420	0
Polskie Radio Nostalgia	http://stream3.polskieradio.pl:8518	0
Krzysztof Krawczyk	http://stream3.polskieradio.pl:8534	0
Przeboje Lata z Radiem	http://stream3.polskieradio.pl:8426	0
Przezyjmy to jeszcze raz	http://stream3.polskieradio.pl:8506	0
Radio Freud	http://stream3.polskieradio.pl:8404	0
Radio Norwid	http://stream3.polskieradio.pl:8416	0
Polskie Radio Rytm	http://stream3.polskieradio.pl:8594	0
Rozrywka na wygnaniu	http://stream3.polskieradio.pl:8526	0
Spotkanie z mistrzem	http://stream3.polskieradio.pl:8504	0
Studio Reportazu	http://stream3.polskieradio.pl:8508	0
Szanty	http://stream3.polskieradio.pl:8520	0
W jazzowym klimacie	http://stream3.polskieradio.pl:8424	0
Wieczor odkrywcow	http://stream3.polskieradio.pl:8502	0
Z archiwum Radia RWE	http://stream3.polskieradio.pl:8488	0
Z dziejow Armii Krajowej	http://stream3.polskieradio.pl:8454	0
Za kulisami bezpieki	http://stream3.polskieradio.pl:8492	0
Zabawy z jezykiem	http://stream3.polskieradio.pl:8400	0
Zapiski ze wspolczesnosc	http://stream3.polskieradio.pl:8406	0
Polski.FM Chicago Live	http://198.27.127.246/proxy/live?mp=/1	0
Polski.FM Chicago Live2	https://stream.rcs.revma.com/43sksm6hrc9uv	0
Radio Polski.FM Chicago	http://198.27.127.246:5120	0
Radio Polski.FM Chicago	http://198.27.127.246:5663	0
Radio Polski.FM Chicago	http://198.27.127.246:6082	0
Radio Polski.FM Chicago	http://198.27.127.246:5441	0
Radio Polski.FM Chicago	http://198.27.127.246:5473	0
Radio Polski.FM Chicago	http://198.27.127.246:5424	0
Radio Polski.FM Chicago	http://198.27.127.246:5479	0
Radio Polski.FM Chicago	http://198.27.127.246:5096	0
Radio Polski.FM Chicago	http://198.27.127.246:5491	0
Radio Polski.FM Chicago	http://198.27.127.246:5705	0
Radio Polski.FM Chicago	http://198.27.127.246:5717	0
Radio Polski.FM Chicago	http://198.27.127.246:5970	0
Radio Polski.FM Chicago	http://198.27.127.246:5751	0
Radio Pogoda	http://stream10.radioagora.pl:80/tuba38-1.mp3	0
Radio Pogoda Bydgoszcz	https://pl-play.adtonos.com/8102/radio-pogoda-bydgoszcz	0
Radio Pogoda Gdansk	https://pl-play.adtonos.com/8102/radio-pogoda-gdansk	0
Radio Pogoda Katowice	https://pl-play.adtonos.com/8102/radio-pogoda-katowice	0
Radio Pogoda Krakow	https://pl-play.adtonos.com/8102/radio-pogoda-krakw	0
Radio Pogoda Opole	https://pl-play.adtonos.com/8102/radio-pogoda-opole	0
Radio Pogoda Poznan	https://pl-play.adtonos.com/8102/radio-pogoda-pozna	0
Radio Pogoda Warszawa	https://pl-play.adtonos.com/8102/radio-pogoda	0
Radio Pogoda Wroclaw	https://pl-play.adtonos.com/8102/radio-pogoda-wrocaw	0
Radio Dla Ciebie	http://stream2.nadaje.com:11140/rdc	0
Radio Dla Ciebie Plock	http://stream4.nadaje.com:14006/plock	0
Radio Dla Ciebie Radom	https://stream4.nadaje.com:14001/radom	0
Radio Dla Ciebie Siedlce	https://stream4.nadaje.com:14005/siedlce	0
Hi On Line Radio Classic	http://mediaserv30.live-streams.nl:8088/live	0
Linn Classical	http://radio.linn.co.uk:8004/autodj	0
New Classics	http://stream.klassikradio.de/newclassics/mp3-192/www.klassikradio.de/	0
Movie	http://stream.klassikradio.de/movie/mp3-192/www.klassikradio.de/	0
Opera	http://stream.klassikradio.de/opera/mp3-192/www.klassikradio.de/	0
Klassik Dreams	http://stream.klassikradio.de/dreams/mp3-192/www.klassikradio.de/	0
Movie	http://stream.klassikradio.de/movie/mp3-192/www.klassikradio.de/	0
Classic FM	http://icecast.thisisdax.com/ClassicFMMP3.m3u	0
Radio Swiss Classic	http://stream.srg-ssr.ch/m/rsc_de/mp3_128	0
P2 Musik	http://http-live.sr.se/p2musik-mp3-192	0
Classical 102	http://tuner.classical102.com:80/	0
Radio Svizzera Classica	http://stream.srg-ssr.ch/rsc_it/mp3_128.m3u	0
Pure Verdi	http://stream.klassikradio.de/verdi/mp3-192/www.klassikradio.de/	0
Klassik Radio Live	http://stream.klassikradio.de/live/mp3-192/www.klassikradio.de/	0
Piano	http://stream.klassikradio.de/piano/mp3-192/www.klassikradio.de/	0
Barock	http://stream.klassikradio.de/barock/mp3-192/www.klassikradio.de/	0
Pure Bach	http://stream.klassikradio.de/purebach/mp3-192/www.klassikradio.de/	0
Pure Beethoven	http://stream.klassikradio.de/beethoven/mp3-192/www.klassikradio.de/	0
Chor	http://stream.klassikradio.de/chor/mp3-192/www.klassikradio.de/	0
Christmas	http://stream.klassikradio.de/christmas/mp3-192/www.klassikradio.de/	0
Healing	http://stream.klassikradio.de/healing/mp3-192/www.klassikradio.de/	0
Pure Mozart	http://stream.klassikradio.de/mozart/mp3-192/www.klassikradio.de/	0
Classic Vinyl HD	https://icecast.walmradio.com:8443/classic	0
MondoBongo	http://5.63.151.52:7082/;stream/1.mp3	0
Radio Kultura	http://icecast.vgtrk.cdnvideo.ru/kulturafm	0
RadiostART	http://radio.dyne.org:80/liveradiostart	0
Radio Toksyna FM Classic	http://s01.toksyna.fm:8060	0
0N 80s on Radio	http://0n-70s.radionetz.de:8000/0n-80s.mp3	0
90s90s Dance	https://streams.90s90s.de/eurodance/mp3-192/	0
90s90s Grunge	https://streams.90s90s.de/grunge/mp3-192/liveradio/	0
90s90s Hits	https://streams.90s90s.de/pop/mp3-192/	0
90s90s The BEAT	https://streams.90s90s.de/main/mp3-192/	0
Ask Fm Club	http://club.streamcast.online:7755/stream	0
Baars classic Rock	http://server-66.stream-server.nl:8840/	0
Bayer FM	https://streaming.radio5.com.pl:8888/bayerfm	0
Bialoruskie radio racja	http://air.racyja.com:8000/racja256	0
Caprice-Classic Rock	http://79.120.77.11:8000/rock.m3u	0
Classic Vinyl	https://icecast.walmradio.com:8443/classic	0
Doxa FM	http://shot.inten.pl:10000/	0
EL Stacja	http://radio.el-stacja.pl:8000/elstacja320mp3	0
Euro Radio	https://stream.laut.fm/euroradio	0
FTB.net-Club	http://play.radioftb.net:8000	0
Inne Radio	http://stream4.nadaje.com:8386/test	0
Intense Radio Dance	http://secure.live-streams.nl/flac.ogg	0
Katolickie Radio Rzeszow	http://62.133.128.18:8040/;	0
KEXP	http://live-mp3-128.kexp.org/kexp128.mp3	0
Krdp FM	http://s1.slotex.pl:7762/;	0
Mbox Rock	http://panel.radiombox.pl/radio/8090/Rock320kbps	0
Mega Rock	https://stream1.megarockradio.net:80	0
Meloradio FM	https://redir.atmcdn.pl/sc/o2/Eurozet/live/meloradio.livx?audio=5	0
Minimal Mix Radio	http://orion.shoutca.st:8750	0
Radio Centrum Lublin	https://stream12.hosterion.pl/stream/akademickieradiocentrum	0
Move Da House	http://uk7.internet-radio.com:8000/	0
Muzo FM	http://stream4.nadaje.com/muzo	0
Muzyczne Radio	http://stream.nadaje.com:9900/;	0
Muzyczne Radio Best	http://stream3.nadaje.com:8600	0
Nasze Radio	https://online.nasze.fm:8443/stream	0
Olsztyn UWM FM	http://213.184.18.156:8000/	0
Oxygen Classic Rock	https://oxygenmusic.hu:8443/oxygenclassicrock	0
Phever Media Live	http://uk1.internet-radio.com:8200/live	0
Planeta FM	https://pl02.cdn.eurozet.pl/pla-net.mp3	0
Polskie Radio Pink Floyd BBank 8 Stacja 35	https://stream85.polskieradio.pl/omniaaxe/k46.stream/playlist.m3u8	0
POP Radio	http://stream1.popradio.pl:9000/	0
Radio 1.FM All Euro 80s	https://strm112.1.fm/80s_90s_mobile_mp3	0
Radio 7	http://stream.radio7.pl:8000	0
Radio 80s Forever Radio	https://premium.shoutcastsolutions.com/radio/8050/64AAC+.mp3	0
Radio 80s Mix Radio	https://stream.laut.fm/80s-mix-radio	0
Radio 80s80s	https://regiocast.streamabc.net/regc-80s80smweb2517500-mp3-192-1672667	0
Radio 80s80s Italo Disco	https://streams.80s80s.de/italohits/mp3-192	0
Radio 80s80s Love	https://streams.80s80s.de/love/mp3-192/streams	0
Radio Afera	http://poznan5-3.radio.pionier.net.pl:8000/afera.mp3	0
Radio Alex	http://proxima.shoutca.st:9045/stream	0
Radio Atlantic 80s	https://chasbo1978.radioca.st/stream	0
Radio Biedrzychowice	http://195.164.158.230:9070	0
Radio CCM	http://primary.moodyradiostream.org/radioccm	0
Radio Cdis	https://stream.laut.fm/radiocdis	0
Radio Chicago	https://secure1.reliastream.com/polskieradio	0
Radio Chilli ZET FM	https://ch01.cdn.eurozet.pl/chi-net.mp3	0
Radio Classic Rock	http://mp3.polskieradio.pl:8460	0
Radio Disco	https://stream.rcs.revma.com/cvswvmyewzzuv	0
Radio Disco	https://stream.rcs.revma.com/cvswvmyewzzuv	0
Radio Disco 80 i Polo	http://s1.discoparty.pl:7432	0
Radio Divertimento	http://s7.radiohost.pl:11518/stream	0
Radio Divertimento	http://s7.radiohost.pl:11518/stream	0
Radio Doxa	http://81.210.92.213:8000/;	0
Radio E Tronic FM	https://stream.laut.fm/e-tronic-fm	0
Radio Elka	http://live.elka.pl:8000/elkamp3	0
Radio EL-Stacja	http://radio.el-stacja.pl:8000/elstacja320mp3	0
Radio eM	http://91.200.187.58/;	0
Radio Emaus	http://stream.radioemaus.pl:8000/mp3stream	0
Radio Energy 106 Belfast	http://192.111.140.6:9633/stream	0
Radio Eurodance 1	https://stream.laut.fm/eurodance1	0
Radio Eurodance 90	http://www.radiart.eu:8394/autodj	0
Radio Fama Kielce	http://stream2.nadaje.com:8076/	0
Radio Heart 80s	https://ice-sov.musicradio.com/Heart80sMP3	0
Radio Hit	http://46.170.199.85:8000	0
Radio Hit Eurodance	https://streams.ffh.de/ffhchannels/mp3/hqeurodance.mp3	0
Radio Imperium	https://stream.radioimperium.pl:8443/stream	0
Radio Italo Disco	https://broadcast.miami/proxy/italodisco?mp=/stream2	0
Radio Italo Disco	https://broadcast.miami/proxy/italodisco?mp=/stream2/;	0
Radio Kultura	http://51.255.8.139:9772/stream	0
Radio LEM FM	http://n13.radiojar.com/2fa0gbhr9bhvv	0
Radio Love 80's	https://playoutonestreaming.com/proxy/love80s2?mp=/;	0
Radio Mais	https://ec5.yesstreaming.net:2120/stream	0
Radio Mediehuset 3 FM	http://uk1.internet-radio.com:8150/live	0
Radio Mega 80s	https://stream3.radiodienst.de/proxy/mega80s/80s	0
Radio MRS	http://145.239.26.146:7494/	0
Radio Music Max	http://91.232.4.33:7040/Stream1	0
Radio Musicfactoryoristan Bank 8 Stacja 82	https://stream.laut.fm/musicfactoryoristano	0
Radio Muzo FM	http://stream.rcs.revma.com/1nnezw8qz7zuv.m3u	0
Radio Nadzieja	http://streaming01.technologicznie.net:8000/;	0
Radio Naklo	https://sluchaj.107i5.fm	0
Radio Niepokalanow	http://88.199.169.10:8000/;	0
Radio Nuta	https://stream.rcs.revma.com/0004tehdxzzuv	0
Radio Oldies FM	https://hit-1.nty.uy/stream	0
Radio One Live 80s&90	http://91.232.4.33:8198/stream	0
Radio P8 Pop	https://p8.p4groupaudio.com/P08_MH	0
Radio Panorama 80	https://stream.laut.fm/panorama80	0
Radio Parada	http://stream4.nadaje.com:15274/live	0
Radio Paradise Main Mix	http://stream.radioparadise.com/flac	0
Radio Park FM	http://sluchaj.radiopark.com.pl:8048/	0
Radio Pasja	http://91.232.4.33:8049/stream	0
Radio Pasja-Klubowa	http://91.232.4.33:9460/stream	0
Akademickie Radio Luz	http://radioluz.pwr.edu.pl:8000/luzhifi.mp3	0
Dark Radio	http://dark.sh/mp3	0
EL Stacja	http://radio.el-stacja.pl:8000/elstacja320mp3	0
Muzyczne Radio	https://stream.rcs.revma.com/gzwc1xcq042vv	0
Radio 1.7	http://emisja.radio17.pl:8000/R17	0
Radio 4 Music	http://s1.slotex.pl:7102	0
Radio 5	https://streaming.radio5.com.pl:8888/radio5suwalki	0
Radio 7	http://stream.radio7.pl:443	0
Radio 7 Toronto	https://s4.radio.co/s1b687cf20/low	0
Radio 80	http://91.232.4.33:9305/stream	0
Radio Abrakadabra	https://s3.slotex.pl/shoutcast/7162/stream	0
Radio Afera	http://150.254.3.10:80/afera128.mp3	0
Radio Agentka Ewa	http://4stream.pl:18182	0
Radio Akcja	https://s3.slotex.pl/shoutcast/7586/stream	0
Radio Akord	http://s1.slotex.pl:7122	0
Radio Alex	http://proxima.shoutca.st:9045/stream	0
Radio Anime24	http://91.232.4.33:7028/Stream1	0
Radio Aniol i Diablica	https://s3.slotex.pl/shoutcast/7418/stream	0
Radio AOi	http://54.37.73.148:8000/stream	0
Radio Apogeum	http://s1.slotex.pl:7512	0
Radio Arkadia	http://s3.slotex.pl:7450	0
Radio Balkanica	https://s3.slotex.pl/shoutcast/7068/stream	0
Radio Banita Maxx	https://ssl-1.radiohost.pl:9454	0
Radio Baobab	http://stream.radiobaobab.pl:8000/radiobaobab.mp3	0
Radio Bayer FM	https://streaming.radio5.com.pl:8888/bayerfm	0
Radio Beat	https://s3.slotex.pl/shoutcast/7816/stream	0
Radio Beauty	https://s3.slotex.pl/shoutcast/7464/stream	0
Radio Bezpieczna Podroz	https://ssl-1.radiohost.pl:9162/live	0
Radio Bon Ton	https://streaming.inten.pl:8020/bonton.mp3	0
Radio Brylant	http://s1.slotex.pl:7212	0
Radio Chwila z Hiacynta	https://s3.slotex.pl/shoutcast/7232/stream	0
Radio Clubbers	https://s3.slotex.pl/shoutcast/7300/stream	0
Radio Cmolas	http://80.211.203.250:8250/master	0
Radio Costarosa	http://s1.slotex.pl:8058	0
Radio Cyberstacja.fm	http://sc.cyberstacja.pl:8000/radio.mp3	0
Radio Cztery Pory Rok	http://4stream.pl:18304	0
Radio Damismania Dj	http://s1.slotex.pl:7512	0
Radio Danielka	https://s3.slotex.pl/shoutcast/7088/stream	0
Radio DHT 1	https://radiodht.com/stream_main/	0
Radio DHT 2	https://radiodht.com/stream_second/	0
Radio Disco	https://stream.rcs.revma.com/cvswvmyewzzuv	0
Radio Disco-Mix	http://radiodd.cloud:8000	0
Radio Fiat	http://stream2.nadaje.com:8056/;	0
Radio Glos	http://87.204.92.180:8000/;	0
Radio GRA Torun	http://217.74.72.12/radio_gra	0
Radio Leliwa	http://stream2.nadaje.com:8054/;	0
Radio Pirata TGR	http://us1.internet-radio.com:8140/live	0
Radio Plus	https://pl02.cdn.eurozet.pl/plu-bdg.mp3	0
Radio Przeboje PRL	http://mp3.polskieradio.pl:8466	0
Radio R.SA Italo Disco	https://rsa.streamabc.net/regc-rsasachsenitalo3107586-mp3-192-8734471	0
Radio RDN	http://rdn.pl:8002/;	0
Radio Rodzina	http://sluchaj.radiorodzina.pl/RadioRodzinaWroclawLIVE.mp3	0
Radio Safira	https://stream12.hosterion.pl/stream/safira	0
Radio Super FM	http://stream.super.fm:8000/superfm.mp3	0
Radio Szczecin	http://stream4.nadaje.com:11986/prs.m3u	0
Radio The Zone Dublin	http://uk1.internet-radio.com:8355/	0
Radio Unidisco	https://broadcast.miami/proxy/unidisco?mp=/stream/;	0
Radio Unidisco	https://broadcast.miami/proxy/unidisco?mp=/stream/;	0
Radio Victoria	https://stream.v4.radiovictoria.pl:8076/;?type=http&nocache=4494	0
Radio Vinyl Maxi FM	https://stream.laut.fm/vinyl-maxi-fm	0
Radio Vox Disco 90	https://waw.ic.smcdn.pl/6170-1.mp3	0
Radio Vox Disco 90	https://waw.ic.smcdn.pl/6170-1.mp3	0
Radio Vox Disco 90	https://waw.ic.smcdn.pl/6170-1.mp3	0
Radio Vox Disco 90	https://waw.ic.smcdn.pl/6170-1.mp3	0
Radio Weekend	http://stream.weekendfm.pl:8000/weekendfm_najlepsza.aac	0
Radio Weekend	http://stream.weekendfm.pl:8000/weekendfm_najlepsza.aac	0
Radio Weekend FM	http://stream.weekendfm.pl:8000/weekendfm_256kbs.mp3	0
Radio Weekend FM	http://stream.weekendfm.pl:8000/weekendfm_256kbs.mp3	0
Radiodillo	https://stream.laut.fm/radiodillo	0
Radiofonia	http://195.150.20.7/radiofonia	0
Rock Arsenal	http://online.rockarsenal.ru:8000/rockarsenal_aacplus	0
Rock Radio	http://stream13.radioagora.pl/tuba9004-1.mp3	0
Rock Radio Polska	https://radiostream.pl/tuba9006-1.mp3	0
Rock Replay Radio	http://strm112.1.fm/crock_mobile_mp3	0
ROKS Classic Rock	https://online.radioroks.ua/RadioROKS_ClassicRock_HD	0
Smooth Jazz	https://bcast.vigormultimedia.com:48888/sjcompl320mp3	0
So Cacarecos CL Rock	http://sokakarecos.ddns.net:9030/rock128	0
Soma FM Drone Zone	https://somafm.com/dronezone256.pls	0
Soma FM Grove Salad	https://somafm.com/groovesalad256.pls	0
Soma FM Undergroun 80	https://somafm.com/u80s256.pls	0
Sunbeatsradio	https://stream.laut.fm/sunbeatsradio	0
Twoje Radio	http://65.ip-51-77-59.eu:8100/stream.mp3	0
Unsung 80s Radio	https://unsung80s.out.airtime.pro:8000/unsung80s_a	0
Wasze Radio FM	http://stream1.waszeradiofm.pl:8000/stream	0
IP Music	http://live7.avf.ch:8000/ipmusic320	0
Agaune Radio	http://ecmanager3.pro-fhi.net:2640/stream	0
Ally-Radio	http://everestcast.streams.ovh:2300/stream	0
Chaos Radio	http://5.135.177.61:8000/;stream/1	0
Classixx	http://www.clubfmserver.be:8000/classixxdab.mp3	0
DB9009-TX	http://2240.cloudrad.io:8120/live	0
Double XX	http://manager.conceptradio.fr:2120/stream	0
Euphoric Trip Radio	http://cheetah.streemlion.com:4780/stream	0
FUNKY RADIO	http://funkyradio.streamingmedia.it:8001/play.mp3	0
Gora - Et Cetera	http://listen.radiogora.ru:8000/etc320	0
Gora Electro	http://listen.radiogora.ru:8000/electro320	0
Hi On Line Radio France	http://mediaserv21.live-streams.nl:8000/live	0
Hi On Line Radio Gold	http://mediaserv30.live-streams.nl:8000/live	0
Hi On Line Radio Latin	http://mediaserv33.live-streams.nl:8034/live	0
Hi On Line Radio Pop	http://mediaserv30.live-streams.nl:8086/live	0
Hi On Line Radio World	http://mediaserv38.live-streams.nl:8027/live	0
HotrodRadio	http://everestcast.live-streams.nl:8181/stream	0
HotWaxRadio.com	http://stream.abyss-shoutcast.com:5236/stream	0
2x2 Radio Uljanovsk	http://95.104.192.220:8001/radio2x2.ogg	0
i-turn Radio	http://live.i-turnradio.nl:80/320	0
Jean-Michel Jarre	http://stream.klassikradio.de/jmjarre/mp3-192/www.klassikradio.de/	0
Linn radio	http://radio.linn.co.uk:8003/autodj	0
Love Online	http://c18.radioboss.fm:8029/autodj	0
Lucky Radio	http://cmr-hosting.com:8470/;stream.mp3	0
ONAIR66 - CANAL 01	http://manager8.streamradio.fr:1570/stream	0
ONAIR66 - CANAL 02	http://manager8.streamradio.fr:1200/stream	0
ONAIR66 - CANAL 03	http://manager6.streamradio.fr:1660/stream	0
Pistache	http://rpstrm.pistache.org:8443/pistache.aac	0
Pure Classix	http://server5.radio-streams.net:8001/live	0
Radio Eco Vicentino Soul Bank 10 Stacja 30	http://c30.radioboss.fm:8137/autodj	0
Radio ETC	http://srv2.listen.radiogora.ru:8800/etc320	0
Radio Paradise	http://stream-dc1.radioparadise.com:80/aac-320	0
Radio Zaplin	http://radiozaplin.com:8000/;	0
RadioZapliN	http://www.radiozaplin.com:8000/;	0
Studio1radio	http://i9.streams.ovh:19102/autodj	0
SUN	http://diffusion.lafrap.fr:8000/sun.aac	0
Teams Radio	http://i8.streams.ovh:18146/autodj	0
The Ranch	http://puma.streemlion.com:3200/stream	0
UP RADIO	http://upradio.ovh:8054/up-high	0
Wans	http://hemnos.cdnstream.com/1442_128?NoPreroll=true	0
Web Radio Tzitzifiogos	http://i.streams.ovh:9555/live_autodj	0
Ad Infinitum	http://stream.laut.fm/ad_infinitum	0
Alternative Broadcast	http://xymox.dyndns.org:5000/shout	0
Bar Legend Radio	http://solid24.streamupsolutions.com:8010/stream	0
Beatles Radio	http://www.beatlesradio.com:8000/stream/1/	0
Blackwood FM	http://server-24.stream-server.nl:8326/stream	0
Blues Radio	http://live.bluesradio.gr:8352/stream	0
Bluesway Online Radio	http://everest.streams.ovh:1280/stream	0
CDNX London Market	http://msmn7.co:8018/stream	0
KINK DNA Classics	https://playerservices.streamtheworld.com/api/livestream-redirect/KINK_DNA.mp3	0
MPM Radio	http://s01.diazol.hu:10060/live	0
Nice Tunes Radio	http://eu10.fastcast4u.com:5120/stream	0
Radio BOB!	http://streams.radiobob.de/bob-live/mp3-192/streams.radiobob.de/	0
Radio Ostrock	http://secondradio.de:7070/ostrock	0
Retro80sRadio	http://158.69.227.214:8113/stream	0
Singer & Songwriter	http://streams.radiobob.de/bob-singersong/mp3-192/streams.radiobob.de/	0
The Blues Cove	http://radio.streemlion.com:2070/stream	0
The Colorful Radio	http://www.radiart.eu:8244/stream	0
VOLOSATOE RADIO	http://volosatoff.ru:8008/rnm	0
Radio Top 80	http://top80.pl:8000/listen.mp3	0
Radio Italo Dance	http://radio.italodance.pl:7694	0
Radio MBOX	http://panel.radiombox.pl/radio/8040/GoldHits320kbps	0
Radio GAY FM	http://icepool.silvacast.com/GAYFM.mp3	0
Radio Laserbeat FM	http://stream.laut.fm/laserbeat-fm	0
Dance Jamz	http://stream05.dotpoint.nl:8000/dancejamz	0
Dark Section Radio	http://cp.ultimate-stream-hosting.de:8010/stream	0
Deepvibes Radio	http://88.208.218.19:9106/stream	0
FREQUENCE 3	http://master.net-radio.fr:80/frequence3-256.mp3	0
FREQUENCE 3-DANCE	http://master.net-radio.fr:80/abf.mp3	0
FREQUENCE 3-GOLD	http://master.net-radio.fr:80/abfgold.mp3	0
FREQUENCE 3-URBAN	http://master.net-radio.fr:80/frequence3urban-256.mp3	0
FREQUENCE 3-WORLD	http://master.net-radio.fr:80/abfcult.mp3	0
H2O 90	http://master.net-radio.fr:80/h2o-90al.mp3	0
H2O Classics	http://master.net-radio.fr:80/h2o-classics.mp3	0
H2O Classics 2000	http://master.net-radio.fr:80/h2o-classics2000.mp3	0
H2O Fresh List	http://master.net-radio.fr:80/h2o-freshlist.mp3	0
H2O Hits	http://master.net-radio.fr:80/h2o-hits.mp3	0
Hi On Line France	http://mediaserv21.live-streams.nl:8000/stream	0
Hi On Line Gold	http://mediaserv30.live-streams.nl:8000/stream	0
Hi On Line Radio	http://mediaserv38.live-streams.nl:8027/stream	0
Hi On Line World	http://mediaserv30.live-streams.nl:8086/stream	0
Hitradio	http://51.255.8.139:9090/stream	0
Intense Radio	https://intenseradio.live-streams.nl:18000/live	0
Intense Radio Live	https://intenseradio.live-streams.nl:18000/live	0
Magic FM Club 80	http://158.69.114.190:8014/stream	0
MAXIMA FM	http://178.32.146.184:2088/stream	0
MonsterFM-Evergreens	http://evergreens.radiomonster.fm/320.mp3	0
MonsterFM-Schlager	http://schlager.radiomonster.fm/320.mp3	0
MonsterFM-Tophits	http://tophits.radiomonster.fm/320.mp3	0
Radio BATAKLANK	http://uk5.internet-radio.com:8310/	0
Radio Blur FM	https://live.radiovague.com:8443/blurfm03	0
Radio Caroline 259	http://www.rcgoldserver.eu:8253/	0
Radio DiscoParty	http://145.239.26.146:7432	0
Radio ELECTRO	http://80.66.80.225:8000/electro320	0
Radio Move Da House	http://uk7.internet-radio.com:8000/	0
RADIO NOSTALGIE	http://master.net-radio.fr:80/nostalgie-tuner37.mp3	0
Hi On Line Latin	http://mediaserv33.live-streams.nl:8034/stream	0
Radio Paradise World	https://stream.radioparadise.com/world-etc-320	0
Radio Phever Media Live	http://uk1.internet-radio.com:8200/live	0
Muzyczna Przystan	http://s1.slotex.pl:7686	0
Muzyczny Zakatek	https://s3.slotex.pl/shoutcast/7336/stream	0
Muzykomaniacy	http://4stream.pl:18284	0
Nasze... nostalgicznie	http://online.nasze.fm:9210/stream	0
Nasze.fm	https://online.nasze.fm:8443/stream	0
Nestolatki	http://s1.slotex.pl:7306	0
Niewidzialni FM	https://ssl-1.radiohost.pl:9620/stream	0
Nocne Radio	http://144.91.112.88:8000/live	0
Norda FM	http://94.177.253.77:8001/relay_mp3_128	0
NOTE.radio	http://s5.citrus3.com:8028/stream	0
Nowinki	http://nowinki.pk.edu.pl:8000/nowinki	0
Nuta	https://stream.rcs.revma.com/0004tehdxzzuv	0
OKO	http://stream2.nadaje.com:8094	0
ONY	https://stream.rcs.revma.com/yxv344rra2zuv	0
Orbit	https://s1.slotex.pl/shoutcast/7390/stream	0
Orthodoxia	https://stream.orthodoxia.pl/stream192.mp3	0
Parada	http://stream4.nadaje.com:15274/live	0
Park	http://sluchaj2.radiopark.biz.pl:8058	0
Pomost	http://91.232.4.33:9209	0
POPradio	http://stream1.popradio.pl:9000	0
Pozytywne FM	http://91.232.4.33:9341/stream	0
PRS24	https://solid24.streamupsolutions.com/proxy/hgrchhkx?mp=/stream	0
Pryzmat	http://51.255.8.139:8822/stream	0
Puzzle	http://s1.slotex.pl:7572	0
R.D.N. Malopolska	https://stream1.dabcom.pl/rdn_mpl	0
R.D.N. Nowy Sacz	https://stream1.dabcom.pl/rdn_ns	0
Racja	http://air.racyja.com:8000/aacp128	0
Radio Musicmania	https://s3.slotex.pl/shoutcast/7774/stream	0
Radio Muzo.fm	https://stream.rcs.revma.com/1nnezw8qz7zuv	0
Radio Piekielskie	http://s1.slotex.pl:7146	0
Radio Rekord	http://stream2.nadaje.com:8108	0
Radio Romans	http://51.255.8.139:9048/stream	0
Radio Romantic Music	http://s1.slotex.pl:7392	0
Radio FAMA Zyrardow	http://stream4.nadaje.com:13770	0
Radio Feel The Music	http://s1.slotex.pl:7792	0
Radio Flirt	https://s3.slotex.pl/shoutcast/7684/stream	0
Radio Forever	http://s1.slotex.pl:7134	0
Radio Forte	http://s1.slotex.pl:7856	0
Radio FortyPlus	http://s1.slotex.pl:7178	0
Radio Gold Live	http://s1.slotex.pl:7062	0
Radio Gold Song FM	http://s3.slotex.pl:7562	0
Radio Gold Star	http://s1.slotex.pl:7270	0
Radio Goralskie	https://s3.slotex.pl/shoutcast/7398/stream	0
Radio Guardian	http://s1.slotex.pl:7508	0
Radio HellsFM	https://s3.slotex.pl/shoutcast/7426/stream	0
Radio Hit-Radio.pl	http://51.255.8.139:9090/stream	0
Radio Horyzont	http://s1.slotex.pl:7328	0
Radio Ibiza	https://streams.radio.co/sd1bcd1376/listen	0
Radio Ilona	https://s3.slotex.pl/shoutcast/7438/stream	0
Radio Imperium	https://stream.radioimperium.pl:8443/stream	0
Radio Index	https://stream.wzielonej.pl/radio/8000/1	0
Radio Inne	http://stream4.nadaje.com:8386/test	0
Radio Istebna	http://s1.slotex.pl:7870	0
Radio Jard	http://online.jard.pl:8744/jard1	0
Radio Malbork	http://stream3.nadaje.com:9022	0
Radio Manhattan	http://s1.slotex.pl:7780	0
Radio MaxPlay-FM	http://s1.slotex.pl:8880	0
Radio Kuropatwa	http://stream.radiojar.com/ypspphhxfm8uv	0
Radio Kwiatuszek	https://s3.slotex.pl/shoutcast/7374/stream	0
Radio Lagoon Fm	http://s1.slotex.pl:7828	0
Radio LajtFM	https://s3.slotex.pl/shoutcast/7152/stream	0
Radio Leliwa	https://streaming.g-news.pl/radio/8050/leliwa	0
Radio Lipsko	http://s1.slotex.pl:7298	0
Radio Listek FM	http://stream10.hosterion.pl:8004/stream	0
Radio Lolusiowe	https://s3.slotex.pl/shoutcast/7570/stream	0
Radio Magicfm.pl	http://4stream.pl:18094	0
Radio Kampus	http://193.0.98.66:8002	0
Radio Kapital	https://radiokapitalpl.out.airtime.pro/radiokapitalpl_a	0
Radio Jura	http://streams.radiojura.com.pl:8000/jura_128kbps_stereo.mp3	0
Radio Mega The Best	https://s3.slotex.pl/shoutcast/7420/stream	0
Radio Milosne Serca	http://s1.slotex.pl:7350	0
Radio Minimal Mix	https://minimalmix.radioca.st/media	0
Radio Mittendrin	http://s1.slotex.pl:7592	0
Radio Mixx.pl	http://91.232.4.33:10600	0
Radio ModFM	http://radio.modules.pl:8500	0
Radio MRS	http://play.radiomrs.com:7494	0
Radio Jutrzenka	http://sluchaj.radiojutrzenka.waw.pl:12854/test	0
Radio Kechnowogard	http://s3.slotex.pl:7016	0
Radio Krysjan	http://radio.admin-marcin.pl:7424	0
Radio Lenka	https://s3.slotex.pl/shoutcast/7452/stream	0
Radio Extreme	http://s1.slotex.pl:7028	0
Radio FAMA Kielce	http://stream2.nadaje.com:8076	0
Radio FAMA Slupsk	http://stream3.nadaje.com:9024	0
Radio FAMA Tomaszow	http://stream2.nadaje.com:8078	0
Radio FAMA Wolomin	http://stream3.nadaje.com:8096	0
Radio Karolinka	http://91.232.4.33:8358/stream	0
Radio Duch	http://s1.slotex.pl:7174	0
Radio Echo Chicago	http://198.27.127.246:5248	0
Radio Eden Fm	http://s1.slotex.pl:7402	0
Radio Egida	http://radiointernetowe.net:9950	0
Radio Elka Glogow	http://live.elka.pl:8000/miedziowe.pl	0
Radio Elka Leszno	http://live.elka.pl:8000/elka	0
Radio EL-Stacja	http://radio.el-stacja.pl:8000/elstacjamp3	0
Radio Dobra Nuta	https://s3.slotex.pl/shoutcast/7100/stream	0
SLAY RADIO	http://relay1.slayradio.org:8300/	0
Toksyna FM	http://s01.toksyna.fm:8000/stream	0
Trendy Radio	http://stream.trendyradio.pl:8000/h.m3u	0
Twoja Polska Stacja	http://sluchaj.twojapolskastacja.pl:8068/listen.pls	0
Twoje Radio AM	http://s1.slotex.pl:7424/;	0
Radio Eska Rock	http://ic1.smcdn.pl/5380-1.mp3	0
ESKA Rock-Klasyka Rocka	https://waw.ic.smcdn.pl/6070-1.mp3	0
ESKA Rock-Dobrze Rockuje Bank 12 Stacja 3	https://radio.stream.smcdn.pl/timeradio-p/6060-1.aac/playlist.m3u8	0
ESKA Rock-Rock Ballads	https://waw.ic.smcdn.pl/6010-1.mp3	0
ESKARock-TerazPolskiRock Bank 12 Stacja 5	https://waw.ic.smcdn.pl/6090-1.mp3	0
Antyradio	https://an.cdn.eurozet.pl/ant-waw.mp3	0
Antyradio Katowice	https://an.cdn.eurozet.pl/ant-kat.mp3	0
Antyradio Ballads	https://an.cdn.eurozet.pl/ANTBAL.mp3	0
Antyradio Classic Rock	https://an.cdn.eurozet.pl/ANTCLA.mp3	0
Antyradio Covers	https://an.cdn.eurozet.pl/ANTCOV.mp3	0
Antyradio Greatest	https://an.cdn.eurozet.pl/ANTGRE.mp3	0
Antyradio Hard	https://an.cdn.eurozet.pl/ANTHAR.mp3	0
Antyradio Live	https://an.cdn.eurozet.pl/ANTLIV.mp3	0
Antyradio Made in Pol	https://an.cdn.eurozet.pl/ANTPOL.mp3	0
Antyradio Makak	https://an.cdn.eurozet.pl/ANTMAK.mp3	0
Antyradio Unplugged	https://an.cdn.eurozet.pl/ANTUNP.mp3	0
Antyradio Woodstock	https://an.cdn.eurozet.pl/ANTWOD.mp3	0
Antyradio X-mass	https://an.cdn.eurozet.pl/ANTXMA.mp3	0
Metal Live Radio	http://gra.radiowom.pl:8738/stream	0
ROCK RADIO SI	http://stream.rockradio.si:9034/stream/	0
ROQ FM	http://thassos.cdnstream.com:5143/stream.mp3	0
Death.FM	http://hi5.death.fm/;stream.mp3	0
Morow Prog Rock Radio	http://stream.fr.morow.com:8080/morow_hi.aacp	0
LaRockaforte	http://stream.radiomusic.net:8120/	0
Hard Rock Station	http://listen.radioking.com/radio/86347/stream/125572	0
Sonora Classic Rock	http://46.105.122.141:6664/	0
Monsters of Rock	http://ice55.securenetsystems.net/DASH14	0
Arrow Classic Rock	http://stream.gal.io/arrow	0
Radio Kiss Kiss Rock	http://ice08.fluidstream.net/kk_rock.aac	0
BeRock Radio	http://solid55.streamupsolutions.com:30013/stream	0
FFH Rock	http://mp3.ffh.de/ffhchannels/hqrock.mp3	0
TurboDJ Rock Radio	http://rock.turbodj.com/	0
United FM Radio Rock Met Bank 12 Stacja 33	http://167.114.18.120:8050/stream/1/	0
Rock Chicks Radio	http://178.33.33.176:8060/	0
GenXRock	http://s10.citrus3.com:8124/stream	0
La Grosse Radio Rock Alt Bank 12 Stacja 36	http://hd.lagrosseradio.info:8000/lagrosseradio-rock-192.mp3	0
Mannard Metal Radio	http://72.239.233.53:6969/high.mp3	0
Progressive Rock Radio	http://deliciousagony.streamguys1.com	0
La Grosse Radio Metal	http://hd.lagrosseradio.info:8000/lagrosseradio-metal-192.mp3	0
Anthology Webradio Blues Bank 12 Stacja 40	http://listen.shoutcast.com/a-ablues	0
KINK No Alternative	http://playerservices.streamtheworld.com/api/livestream-redirect/KINK.mp3	0
Classic Rock	http://streams.radiobob.de/bob-classicrock/mp3-192/streams.radiobob.de/	0
Rockserwis.fm	http://stream9.nadaje.com:8002/live	0
95.2 Rock FM ru	http://nashe1.hostingradio.ru:80/rock-256	0
KINK DISTORTION	https://playerservices.streamtheworld.com/api/livestream-redirect/KINK_DISTORTION.mp3	0
Radio Bloodstream	http://uk1.internet-radio.com:8294/live	0
Metal Express Radio	http://5.135.154.69:11590/	0
Wacken Nonstop	http://streams.radiobob.de/bob-wacken/mp3-192/streams.radiobob.de/	0
Metal	http://streams.radiobob.de/bob-metal/mp3-192/streams.radiobob.de/	0
Rockt Schleswig-Holstein Bank 12 Stacja 50	http://streams.radiobob.de/bob-shlive/mp3-192/streams.radiobob.de/	0
Life Radio Austrian Rock Bank 12 Stacja 51	http://live.antenne.at/arr	0
Life Radio Classic Rock	https://stream.liferadio.at/clrock/mp3-192/app/	0
Rock Hits	http://streams.radiobob.de/bob-rockhits/mp3-192/streams.radiobob.de/	0
ACDC Collection	http://streams.radiobob.de/bob-acdc/mp3-192/streams.radiobob.de/	0
Klassik Rock	http://stream.klassikradio.de/klassikrock/mp3-192/www.klassikradio.de/	0
Rock Radio Polska	https://radiostream.pl/tuba9006-1.mp3	0
Punk	http://streams.radiobob.de/bob-punk/mp3-192/streams.radiobob.de/	0
Queen-Stream	http://streams.radiobob.de/bob-queen/mp3-192/streams.radiobob.de/	0
Alternative Rock	http://streams.radiobob.de/bob-alternative/mp3-192/streams.radiobob.de/	0
Kuschelrock	http://streams.radiobob.de/bob-kuschelrock/mp3-192/streams.radiobob.de/	0
Deutsch Rock	http://streams.radiobob.de/bob-deutsch/mp3-192/streams.radiobob.de/	0
90er Rock	http://streams.radiobob.de/bob-90srock/mp3-192/streams.radiobob.de/	0
80er Rock	http://streams.radiobob.de/bob-80srock/mp3-192/streams.radiobob.de/	0
Best of Rock	http://streams.radiobob.de/bob-bestofrock/mp3-192/streams.radiobob.de/	0
Pro Rock	http://91.232.4.33:9073/stream	0
Radio Rockserwis.fm	http://radio.rockserwis.fm/live	0
Oxygen Classic Rock	https://oxygenmusic.hu:8443/oxygenclassicrock	0
Rock Replay Radio	http://strm112.1.fm/crock_mobile_mp3	0
Classic Rock Californ	https://broadcast.shoutstream.co.uk/stream/8014	0
Cruisin CL Rock	http://s11.myradiostream.com:7622/	0
So Cacarecos CL Rock	http://sokakarecos.ddns.net:9030/rock128	0
Baars classic Rock	http://server-66.stream-server.nl:8840/	0
Rock Arsenal	http://online.rockarsenal.ru:8000/rockarsenal_aacplus	0
ROKS Classic Rock	https://online.radioroks.ua/RadioROKS_ClassicRock_HD	0
Caprice-Classic Rock	http://79.120.77.11:8000/rock.m3u	0
RDMIX CLASSIC ROCK	https://giorgia.radiobellissima.it:8210/radio.mp3	0
Zeppelin	https://radiostreaming.ert.gr/ert-zeppelin	0
Mega Rock	https://stream1.megarockradio.net:80	0
Rock Brazil	https://stream.zeno.fm/w2cav7ff6f0uv	0
Rockklassiker	https://radio21.streamabc.net/radio21-mainz-mp3-192-5314942	0
Radio Rockland Main	https://tx-bauerse.sharp-stream.com/http_live.php?i=rockklassiker_instream_se_mp3	0
Rock Antenne sterreich	https://mp3channels.webradio.de/rockantenne-oesterreich	0
Rock 92	https://dbc.streamguys1.com/wkrr-fm.aac	0
Rockland Sachsen-Anhalt	https://saw-de-hz-fal-stream08-cluster01.radiohost.de/rockland_128	0
Rock 101	https://corus.leanstream.co/CFMIFM-MP3	0
Rock FM	https://live.rockfm.ro/rockfm.aacp	0
Rocket 107	https://us9.maindigitalstream.com/ssl/KRQT	0
RockStar	https://stream.mediasector.es/radio/8060/rockstar-marina-baja-benidorm.mp3	0
Rocker Radio	https://radio.ch3.hu:8200/rocker.mp3	0
Rock Radio Serbia	https://edge9.pink.rs/rockstream/;	0
Rock Melodic Radio	https://i4.streams.ovh:2200/ssl/rockmelo?mp=/stream	0
Classic Rock Florida	https://streamingv2.shoutcast.com/ClassicRockFlorida	0
Hard Rock Heaven	https://hydra.cdnstream.com/1521_128	0
Hard Rock Hell Radio	https://tbfmonli.radioca.st/;	0
Hardrock Vinyl	https://stream.laut.fm/hardrockvinyl	0
Bohema Radio	https://s3.slotex.pl:7262/stream	0
Rock Meets Classic	http://stream.klassikradio.de/rockclassic/mp3-192/www.klassikradio.de/	0
Rock Melodic Radio AOR	http://live.rockmelodic-radio.com:8124/;	0
Metal Live Radio	http://gra.radiowom.pl:8738/stream	0
2ks-dance-radio	http://hazel.torontocast.com:1295/stream/1/	0
90s Eurodance	http://listen1.myradio24.com:9000/5967	0
99,4 SunshineFM	http://195.56.193.129:8100/stream/1/	0
Anima Amoris Eurodance	https://amoris.sknt.ru/bible.mp3	0
B4B RADIO DISCO FUNK	https://eu10.fastcast4u.com:8120/stream/1/	0
BDJ Eurodance 90s	https://stream-90s.bdjradio.com/	0
Bdjeurodance90s	http://bdjeurodance90s.stream.laut.fm/bdjeurodance90s	0
BeirutNights.com Radio	http://68.68.109.106:6626	0
Best 90s	http://best-90s.stream.laut.fm/best-90s	0
Box UK Radio danceradio	http://51.75.170.46:6191/stream/1/	0
C-Dance RETRO	http://198.100.145.187:18304/stream/1/	0
Club93	http://club93.stream.laut.fm/club93	0
Dance UK Radio	http://51.89.148.171:8022/stream/1/	0
Dance Wave Retro!	http://stream.dancewave.online:8080/retrodance.mp3	0
Dance Wave!	http://stream.dancewave.online:8080/dance.mp3	0
DANCE.FM Amsterdam	https://streams.dancefm.net/mp3	0
DanceFM 89.5	http://edge126.rdsnet.ro:84/profm/dancefm.mp3	0
Daydeeeurodance	http://daydeeeurodance.stream.laut.fm/daydeeeurodance	0
Deepinradio_Official	http://s3.viastreaming.net:8525/stream/1/	0
DiscoParty.pl Disco Polo Bank 13 Stacja 20	http://s1.slotex.pl:7432/stream/1/	0
Djmmusic	http://djmmusic.stream.laut.fm/djmmusic	0
Emc	http://emc.stream.laut.fm/emc	0
Eurodance	http://stream.laut.fm/eurodance	0
Eurodance	http://eurodance.stream.laut.fm/eurodance	0
Eurodance 90	https://stream-eurodance90.fr/radio/8000/128.mp3	0
EURODANCE '90 [HDR]	http://harddanceradio.ddns.is74.ru:8000/eurodance	0
FFH Eurodance	http://mp3.ffh.de/ffhchannels/hqeurodance.mp3	0
Flex Radio AAC	http://stream.flex-radio.eu:8384/FlexRadioAAC	0
FreestyleFM	http://sc.ipip.cz:8044	0
FREQUENCE 3 - Une rafale Bank 13 Stacja 30	http://ice.stream.frequence3.net:80/frequence3-128.mp3	0
FUN Radio Dance	http://stream.funradio.sk:8000/dance128.mp3	0
GAY FM - Pure Dance!	http://icepool.silvacast.com/GAYFM.mp3	0
GherlaFM	http://89.39.189.52:8000/stream/1/	0
Hot Dance Radio - Hits	http://icecast01.hotdanceradio.com:80/192.mp3	0
InPulz Dein Stadtradio	http://88.198.175.30:5550/stream/1/	0
JACK FM - NUR DIE HITS!	http://tuner.m1.fm/hits.mp3	0
KISSFM Digital	http://online.kissfm.ua/KissFM_Digital	0
Klonoa	http://klonoa.stream.laut.fm/klonoa	0
Krone Eurodance	https://secureonair.krone.at/eurodance.aac	0
La Grosse Radio Reggae	http://hd.lagrosseradio.info:8000/lagrosseradio-reggae-192.mp3	0
LATINO FM EN DIRECTO	http://185.23.192.118:8000/stream/1/	0
Maxdance90s	http://maxdance90s.stream.laut.fm/maxdance90s	0
Maximusicradio	http://maximusicradio.stream.laut.fm/maximusicradio	0
Maxretro	http://maxretro.stream.laut.fm/maxretro	0
MaXXima	http://maxxima.mine.nu:8000/maxxima.mp3	0
MegaDance Radio MegaMix	http://megadanceradio.hopto.org:8000/MEGADANCE_AUTODJ_MOBILE	0
MegaHit	https://air.broadcastinggroup.ro/MegaHit	0
Mixitalo	http://mixitalo.stream.laut.fm/mixitalo	0
MoveDaHouse	http://212.71.250.12:8000/stream/1/	0
NTI LA NOUVELLE TENDANCE Bank 13 Stacja 50	http://streaming.radionti.com/nti-128.mp3	0
Passazh - Moskva	http://listen.radiopassazh.ru:8005/aac-64	0
PONdENDS.COM	http://s7.voscast.com:7000/stream/1/	0
PRODJ Radio	http://live.prodjradio.net:8000/stream/1/	0
Q-dance Radio	https://playerservices.streamtheworld.com/api/livestream-redirect/Q_DANCE.mp3	0
Radio Caprice Eurodance	http://79.120.39.202:9003	0
Radio Dancefloor - 90's	http://streaming.radiodancefloor.it:80/dancefloor.mp3	0
Radio Deejay HR	http://live.radiodeejay.hr:7002/stream/1/	0
Radio Hot Dance	http://listen.hotget.net:810	0
Radio Liberty Dance	http://asculta.radioliberty.ro:1989/stream/1/	0
RADiO LuDNiCA Original	http://192.111.140.6:8222/stream/1/	0
Radio Mega-HiT Romania	http://radiomegahit.zapto.org:8080/stream/1/	0
Radio Orbital	http://195.23.85.126:8401/stream/1/	0
Radio Pro-B Romania	http://93.114.82.111:8888/stream/1/	0
Radio Regenbogen	http://streams.regenbogen.de/rr-eurodance-128-mp3	0
RADIO ROMANCE 21	http://live.radioromance21.ro:9950/	0
Radio Romanian Dance	http://asculta.radioromanian.net:8100/stream/1/	0
Radio Studio Piu	http://www.studiopiu.net:8010	0
Radio VivaFm	http://stream2.vivafm.it:8002/stream/1/	0
Radioparty.pl - Dance	http://s2.radioparty.pl:8000/stream64aac	0
RT1 Eurodance	http://mp3.hitradiort1.c.nmdn.net/rt1eurodancewl/livestream.mp3	0
Scooterfanradio	http://scooterfanradio.stream.laut.fm/scooterfanradio	0
SKIF	http://178.172.150.248:2530/stream/1/	0
Skyradiofm 90s	http://skyradiofm-90s.stream.laut.fm/skyradiofm-90s	0
Star Radio	http://sc1.ipip.cz:8054	0
TechnoBase.FM 24h Techno Bank 13 Stacja 75	http://aacl.stream.tb-group.fm:80/tb-low.aac	0
TL Eurodance	https://beurfm.ice.infomaniak.ch/beurfm-high.mp3	0
Top Trash Station	http://94.130.133.39/toptrashstation.mp3	0
VirtualDJ Radio ClubZone Bank 13 Stacja 78	http://52.0.120.216:8000/stream/1/	0
Warnowfm 90er	http://warnowfm-90er.stream.laut.fm/warnowfm-90er	0
wunschradio.fm	http://server15.radiostreamserver.de:80/wunschradio-90er.mp3	0
wunschradio.fm 90er	http://radiostreamserver.de:80/wunschradio.mp3	0
Radio Metal Live	http://51.255.8.139:8738/stream	0
RadioMonster Dance	http://dance.radiomonster.fm/320.mp3	0
Raute Musik 90s	http://90s-high.rautemusik.fm/	0
Raute Musik Party	http://partyhits-high.rautemusik.fm/	0
Raute Musik Top40	http://top40-high.rautemusik.fm/	0
SECTOR Geny	http://89.223.45.5:8000/geny-mp3	0
SECTOR Next	http://89.223.45.5:8000/next-mp3	0
SECTOR Progressive	http://89.223.45.5:8000/progressive-mp3	0
SECTOR Space	http://89.223.45.5:8000/space-mp3	0
Super Dance Floorida	http://5.135.154.66:33604/;	0
The Mix Radio 80s	http://51.255.127.128:8016/stream	0
The Zone - Dublin	http://uk1.internet-radio.com:8355/	0
Radio Paradise Main	https://stream.radioparadise.com/aac-320	0
Radio Paradise Mellow	https://stream.radioparadise.com/mellow-320	0
Radio Paradise Rock	https://stream.radioparadise.com/rock-320	0
Autic Radio	http://83.137.145.141:14260/	0
Back To The 80 Radio	http://149.56.185.82:8135/	0
CN'O	http://master.net-radio.fr:80/cno-96.aac	0
VOX FM	http://ic1.smcdn.pl/3990-1.mp3	0
VOX FM BEST LISTA	http://ic1.smcdn.pl/6100-1.mp3	0
VOX FM DISCO 90	http://ic1.smcdn.pl/6170-1.mp3	0
VOX FM DISCO PARTY	http://ic1.smcdn.pl/6180-1.mp3	0
VOX FM HIT 22	http://ic1.smcdn.pl/6020-1.mp3	0
Radio Energy 2000	http://energy2000.radioparty.pl:8005/	0
Radio Fama	http://stream2.nadaje.com:8076/;	0
Radio Fara	http://62.133.128.22:8000/relay	0
Radio FIAT	http://stream2.nadaje.com:8056/;	0
Radio Freee	http://www.emsoft.ct8.pl/inne/freee.m3u	0
Radio PiK	http://stream.radiopik.pl:9004/;.m3u	0
Radio RAM	http://stream4.nadaje.com:9220/ram.m3u	0
Radio RAM Wroclaw	http://stream4.nadaje.com:9220/ram.m3u	0
Radio Sud	http://stream2.nadaje.com:8012/;	0
Radio Sudety 2 4	http://stream4.nadaje.com:15006/sudety24	0
Radio Weekend	http://stream.weekendfm.pl:8000/weekendfm_najlepsza.mp3	0
Radio Wroclaw	http://stream4.nadaje.com:9240/prw.m3u	0
Rekord Radio	http://stream4.nadaje.com:8308/ostrowiec	0
Radio Pasja Dance	http://91.232.4.33:9466/stream2	0
Radio Pasja Glowna	http://91.232.4.33:8049/stream2	0
Radio Pasja Klubowa	http://91.232.4.33:9460/stream2	0
Radio Pasja Klubowa	http://91.232.4.33:9460/stream2	0
Radio Pasja POP	http://91.232.4.33:8084/stream2	0
FTB.net-Disco Polo	http://play.radioftb.net:8022	0
FTB.net-Flash FM	http://play.radioftb.net:8008	0
FTB.net-Rap Music	http://play.radioftb.net:8028	0
FTB.net-Retro DJ	http://play.radioftb.net:8016	0
InterStacja	http://4stream.pl:18322	0
InterStacja Club	http://4stream.pl:18268	0
InterStacja Disco Pol	http://4stream.pl:18274	0
InterStacja Eurodance	http://4stream.pl:18180	0
InterStacja Najnowsze	http://4stream.pl:18410	0
InterStacja Oldies	http://4stream.pl:18290	0
Mbox	http://panel.radiombox.pl/radio/8000/RadioMbox320	0
Mbox Club	http://panel.radiombox.pl/radio/8070/Club320kbps	0
Mbox Disco Polo	http://panel.radiombox.pl/radio/8030/DiscoPolo320kbps	0
Mbox Gold Hits	http://panel.radiombox.pl/radio/8040/GoldHits320kbps	0
Radio Party	http://s4.radioparty.pl:8000/rp.mp3	0
Radio Party-Djmixes	http://djmixes.radioparty.pl:8035	0
Radio Party-Energy 20	http://energy2000.radioparty.pl:8005	0
Radio Party-House	http://house.radioparty.pl:8010	0
Radio Party-Trance	http://trance.radioparty.pl:8015	0
Radio Party-Vocal Tra	http://vocal.trance.radioparty.pl:8025	0
Radio Safira	https://stream12.hosterion.pl/stream/safira	0
Radio Top 80	http://radio.top80.pl:9940	0
Italo Dance	http://radio.italodance.pl:7694	0
Italodance Neo80s	http://neo80s.italodance.pl:7750	0
Radio Dzwiek	http://s3.slotex.pl:7408/;	0
Radio Muza 80	http://91.232.4.33:9011/stream	0
Radio Nedds24 Club	http://s1.nedds24.pl:8110/radio.mp3	0
Radio Nedds24 Disco	http://s1.nedds24.pl:8120/radio.mp3	0
Radio Nedds24.pl	http://s1.nedds24.pl:8100/radio.mp3	0
Radio Freee	https://streaming.radio.lublin.pl:8843/radiofreee	0
Radio MC	http://stream4.nadaje.com:8624/mcradio	0
Radio 90 FM	http://streams.radio90.pl:8000/radio90_128kbps_stereo.mp3	0
Radio Arkadia	http://s1.slotex.pl:7238	0
Radio BaHaRy	http://s1.slotex.pl:7838	0
Radio Bercik Silesia	http://s3.slotex.pl:7770	0
Radio Cyganeczka	http://s1.slotex.pl:7474	0
Radio Hit Mix	http://s1.slotex.pl:7294	0
Akademickie Radio Luz	http://radioluz.pwr.edu.pl:8000/luzhifi.mp3	0
Radio 1.7	http://emisja.radio17.pl:8000/R17	0
Radio 4 Music	http://s1.slotex.pl:7102	0
Radio 5	https://streaming.radio5.com.pl:8888/radio5suwalki	0
Radio 7	http://stream.radio7.pl:443	0
Radio 7 Toronto	https://s4.radio.co/s1b687cf20/low	0
Radio 80	http://91.232.4.33:9305/stream	0
Radio Abrakadabra	https://s3.slotex.pl/shoutcast/7162/stream	0
Radio Afera	http://150.254.3.10:80/afera128.mp3	0
Radio Agentka Ewa	http://4stream.pl:18182	0
Radio Akcja	https://s3.slotex.pl/shoutcast/7586/stream	0
Radio Akord	http://s1.slotex.pl:7122	0
Radio Alex	http://proxima.shoutca.st:9045/stream	0
Radio Anime24	http://91.232.4.33:7028/Stream1	0
Radio Aniol i Diablica	https://s3.slotex.pl/shoutcast/7418/stream	0
Radio AOi	http://54.37.73.148:8000/stream	0
Radio Apogeum	http://s1.slotex.pl:7512	0
Radio Arkadia	http://s3.slotex.pl:7450	0
Radio Balkanica	https://s3.slotex.pl/shoutcast/7068/stream	0
Radio Banita Maxx	http://stream.radiobaobab.pl:8000/radiobaobab.mp3	0
Radio Baobab	https://ssl-1.radiohost.pl:9454	0
Radio Bayer FM	https://streaming.radio5.com.pl:8888/bayerfm	0
Radio Beat	https://s3.slotex.pl/shoutcast/7816/stream	0
Radio Beauty	https://s3.slotex.pl/shoutcast/7464/stream	0
Radio Bezpieczna Podroz	https://ssl-1.radiohost.pl:9162/live	0
Radio Biedrzychowice	http://195.164.158.230:9070	0
Radio Bogoria	http://s6.radiohost.pl:8888	0
Radio Bon Ton	https://streaming.inten.pl:8020/bonton.mp3	0
Radio Brylant	http://s1.slotex.pl:7212	0
Radio Chicago	https://secure1.reliastream.com/polskieradio	0
Radio Chwila z Hiacynta	https://s3.slotex.pl/shoutcast/7232/stream	0
Radio Clubbers	https://s3.slotex.pl/shoutcast/7300/stream	0
Radio Cmolas	http://80.211.203.250:8250/master	0
Radio Costarosa	http://s1.slotex.pl:8058	0
Radio Cyberstacja.fm	http://sc.cyberstacja.pl:8000/radio.mp3	0
Radio Cztery Pory Rok	http://4stream.pl:18304	0
Radio Damismania Dj	http://s1.slotex.pl:7512	0
Radio Danielka	https://s3.slotex.pl/shoutcast/7088/stream	0
Radio Paradise Mellow	http://stream.radioparadise.com/mellow-flacm	0
Radio Paradise World-Etc Bank 15 Stacja 2	http://stream.radioparadise.com/world-etc-flacm	0
Radio Paradise	http://stream.radioparadise.com/flacm	0
Radio Paradise Rock Mix	http://stream.radioparadise.com/rock-flacm	0
New Clear Radio	http://live.ncradio.fm/320	0
NME1	http://listen-nme.sharp-stream.com/nme1high.mp3	0
NME2	http://listen-nme.sharp-stream.com/nme2high.mp3	0
Radio Caroline	http://78.129.202.200:8030/;	0
JB Radio	https://maggie.torontocast.com:8076/flac	0
SuperStereo 1	http://198.204.228.202:8160/flac	0
San Francisco's 70s	https://s9.voscast.com:8917/listen.mp3	0
Timewarp	http://stream1.themediasite.co.uk/8050/stream	0
Hi Online	http://mscp2.live-streams.nl:8100/flac.flac	0
SuperStereo 2	http://198.204.228.202:8157/flac	0
SuperStereo 3	http://198.204.228.202:8539/flac	0
SuperStereo 4	http://198.204.228.202:8030/flac	0
SuperStereo 5	http://198.204.228.202:8511/canal1	0
SuperStereo 6	http://198.204.228.202:8157/flac6	0
SuperStereo 7	http://198.204.228.202:8030/flac7	0
SuperStereo 8	http://198.204.228.202:8643/SS8	0
Linn Radio	http://radio.linn.co.uk:8003/stream	0
Radio Sing Sing Flac	http://stream.sing-sing-bis.org:8000/singsingFlac	0
Mother Earth Radio	http://server9.streamserver24.com:18900/motherearth	0
TME Folk	http://radio.tmefm.com:17666/stream	0
TME Blues	http://91.121.184.63:17666/stream	0
Soma Folk Forward	http://ice2.somafm.com/folkfwd-128-aac	0
Soma Reggae	http://ice6.somafm.com/reggae-256-mp3	0
Soma Left Coast 70s	http://ice4.somafm.com/seventies-320-mp3	0
Soma Underground 80s	http://ice6.somafm.com/u80s-256-mp3	0
Soma Boot Liquor	http://ice2.somafm.com/bootliquor-320-mp3	0
Lush	http://ice4.somafm.com/lush-128-aac	0
Soma Covers	http://ice4.somafm.com/covers-128-aac	0
Soma Indie Pop Rock	http://ice4.somafm.com/indiepop-128-aac	0
Soma Thistle Radio	http://ice6.somafm.com/thistle-128-aac	0
Soma Dub Step Beyond	http://ice1.somafm.com/dubstep-128-aac	0
Soma Seven Inch Soul	http://ice4.somafm.com/7soul-128-aac	0
WGUC	http://cpr.streamguys1.com:80/noads-wguc	0
Organlive.com	https://play.organlive.com:7010/320	0
Radio Calico	https://radio3.radio-calico.com:8443/calico	0
MaXXima	http://maxxima.mine.nu:8000/maxx.ogg	0
SUN	http://diffusion.lafrap.fr:8000/sun.flac	0
H2O UHD	http://master.net-radio.fr:80/h2oradio.flac	0
The Cheese	http://thecheese.ddns.net:8004/stream	0
95bFM Flac	http://streams.95bfm.com:80/stream112	0
Hi On Line Radio	http://mediaserv30.live-streams.nl:8086/live	0
Hi On Line World Radio	http://mediaserv38.live-streams.nl:8027/live	0
Hi On Line Gold Radio	http://mediaserv30.live-streams.nl:8000/live	0
Hi On Line Classic Radio Bank 15 Stacja 48	http://82.94.166.107/proxy/hionlineclassic?mp=/	0
Hi On line Latin Radio	http://mediaserv33.live-streams.nl:8034/stream	0
Hi On Line Lounge Radio	http://mediaserv33.live-streams.nl:8036/stream	0
Magic Radio	http://flac.magic-radio.net/flac	0
Hi On Line Jazz Radio	http://mediaserv38.live-streams.nl:8006/stream	0
Linn Jazz	http://radio.linn.co.uk:8000/stream	0
BluesMen Channel Hits	http://173.249.21.17:8108/stream	0
BluesMen Channel Gold	http://173.249.21.17:8114/stream	0
Salland1	https://stream.and-stuff.nl:8443/live-airplay_320	0
LBC UK	http://icecast.thisisdax.com/LBCUK	0
Talksport	http://radio.talksport.com/stream	0
Talksport 2	http://radio.talksport.com/stream2	0
Linn Classical	http://radio.linn.co.uk:8004/stream	0
Naim Classical	http://mscp3.live-streams.nl:8250/class-flac.flac	0
Majestic Jukebox Radio	http://uk3.internet-radio.com:8405/live	0
Soul Cafe Radio	http://192.99.35.215:5354/stream	0
JazzCafe-Audiophile	http://radio.wanderingsheep.net:8090/jazzcafe320	0
Insanity	https://stream.cor.insanityradio.com/insanity.flac	0
Radio Bluesflac	https://streams.radiomast.io/radioblues-flac	0
Chill Out Zone Plus	https://chillout.zone/chillout_plus	0
FREQUENCE 3	http://master.net-radio.fr:80/frequence3.flac	0
FREQUENCE 3 URBAN	http://ice1.ikoula.net-radio.fr:80/frequence3urban.flac	0
SECTOR	http://89.223.45.5:8000/progressive-flac	0
SECTOR	http://89.223.45.5:8000/space-flac	0
SECTOR	http://89.223.45.5:8000/nota-flac	0
SECTOR	http://89.223.45.5:8000/geny-flac	0
SECTOR	http://89.223.45.5:8000/next-flac	0
SECTOR	http://89.223.45.5:8000/zed-flac	0
Intense Radio	http://secure.live-streams.nl:80/flac.flac	0
CRo Vltava	http://amp.cesnet.cz:8000/cro3.flac	0
CRo D-dur	http://amp.cesnet.cz:8000/cro-d-dur.flac	0
CRo Jazz	http://amp.cesnet.cz:8000/cro-jazz.flac	0
CRo Radio Wave	http://amp.cesnet.cz:8000/cro-radio-wave.flac	0
Raduickub 80	http://ecuamedios.net:8050/live.ogg	0
CRo Radiozurnal	http://amp.cesnet.cz:8000/cro1-256.ogg	0
Hi On Line France Radio	http://mediaserv21.live-streams.nl:8000/stream	0
Radio Jackie Finesse	http://www.radiojackie.com:5873/;	0
KRUI 89.7FM	http://krui.student-services.uiowa.edu:8000/listen	0
WGUC	http://cpr.streamguys1.com:80/noads-wguc	0
Organlive.com	https://play.organlive.com:7010/320	0
Deepvibes Radio	http://88.208.218.19:9106/stream	0
Smoothjazz	http://bcast.vigormultimedia.com:8888/sjcomplflac	0
Radio CRo Jazz	http://amp.cesnet.cz:8000/cro-jazz.flac	0
Frequence 3 Dance	https://frequence3.net-radio.fr/frequence3dance.flac	0
Pure Classix Radio	http://mscp4.live-streams.nl:8140/flac.ogg	0
OpenSky Radio	https://audio.opensky.radio:8082/flac?_res_tag_=audio	0
ForEver La Radio	http://stream.sweetfm.fr:8000/flac-forever-arc	0
Riverside Radio	https://stream.and-stuff.nl:8443/riverside	0
Magic Radio	http://mp3.magic-radio.net/flac	0
Radio SUN	http://diffusion.lafrap.fr:8000/sun.flac	0
BDPST Rock Radio	https://s2.audiostream.hu/bdpstrock_FLAC	0
Youventus Radio	https://s2.audiostream.hu/juventus_FLAC	0
Roxy Radio	https://s2.audiostream.hu/roxy_FLAC	0
Danubius Radio	https://danubiusradio.hu/live_HiFi	0
Progressieve Rock	https://progressieverock.nl:8443/flac	0
JVR CaribbeanVarietyMix	https://online.jamminvibezradio.com/listen/caribbean/live.flac	0
JVR Classic Oldies Mix	https://online.jamminvibezradio.com/listen/oldies/live.flac	0
JVC Reggae Classics Mix	https://online.jamminvibezradio.com/listen/reggae/live.flac	0
Easy Radio	https://live.easyradio.bg/flac	0
Radio Linn Mix1	http://streams.radiomast.io/d0105650-c51c-4842-ae39-f97b329acd2a?token=UU9QJvCG	0
Radio Linn Mix2	http://streams.radiomast.io/4482dfb3-d502-42ef-8184-fc56b0f3ed44?token=UU9QJvCG	0
Radio Linn Dreams	http://streams.radiomast.io/1769696b-ae90-417f-b007-584c1b6edef8?token=UU9QJvCG	0
Radio Linn Gems	http://streams.radiomast.io/71cb1023-3c47-4c06-847d-5b15a3ddefee?token=UU9QJvCG	0
Radio Linn Smooth	http://streams.radiomast.io/1614c7bc-e84e-4f64-8d22-1226d17cd681?token=UU9QJvCG	0
Naim Radio	https://mscp3.live-streams.nl:8362/flac.flac	0
Naim Classical	https://mscp3.live-streams.nl:8252/class-flac.flac	0
Naim Jazz	http://mscp3.live-streams.nl:8340/jazz-flac.flac	0
Rondo Classic Klasu Pro	https://iradio.fi/klasupro.flac	0
Rondo Classic Klasu	https://iradio.fi/klasu.flac	0
Dance Wave	http://dancewave.online/dance.flac.ogg	0
Dance Wave Retro!	http://retro.dancewave.online/retrodance.flac.ogg	0
Radio Paradise Global MixBank 16 Stacja 22	http://stream.radioparadise.com/global-flac	0
Radio Paradise Main Mix	http://stream.radioparadise.com/flac	0
Radio Paradise Mellow MixBank 16 Stacja 24	http://stream.radioparadise.com/mellow-flac	0
Radio Paradise Rock Mix	http://stream.radioparadise.com/rock-flac	0
Futura.FM	https://futura.fm/stream.ogg?ts=1699656027.325	0
Sweet FM	http://stream.sweetfm.fr:8000/dab-forever-lms	0
ForEver La Radio-BordeauxBank 16 Stacja 28	http://stream.sweetfm.fr:8000/flac-forever-bdx	0
95bFM	https://streams.95bfm.com/stream112	0
C9 Radio	https://stream.c9.fr/c9radio-flac.ogg.m3u	0
Calamar Rradio	http://www.calamarrradio.org:8000/stream	0
60North Radio	http://r5.zetcast.net/flac	0
Club Retro Hits Radio	http://v4.tustreaming.cl:18156/stream	0
Dance Classics Radio	http://vriezenet.nl:11051/dcflac	0
Danubius Radio	https://danubiusradio.hu/live_HiFi.mp3	0
DHECTAR Radio	http://manager.dhectar.fr:1300/stream	0
Djam Radio	https://stream10.xdevel.com/audio15s976748-2280/stream/icecast.audio	0
Frequence 3	https://frequence3.net-radio.fr/frequence3.flac	0
Frequence 3 - Loir-et-CheBank 16 Stacja 39	https://frequence3.net-radio.fr/frequence3-fm41.flac	0
Frequence 3-Touraine	https://frequence3.net-radio.fr/frequence3-fm37.flac	0
Frequence 3 Dance	https://frequence3.net-radio.fr/frequence3dance.flac	0
Frequence 3 Gold	https://frequence3.net-radio.fr/frequence3gold.flac	0
Frequence 3 Urban	https://frequence3.net-radio.fr/frequence3urban.flac	0
Frequence 3 World	https://frequence3.net-radio.fr/frequence3world.flac	0
H2O	http://ice2.ikoula.net-radio.fr/h2oradio.flac	0
Haarlem Shuffle Radio	https://stream.tbmp.nl:8000/haarlemshuffle.flac	0
Incondicionalmente Retro Bank 16 Stacja 47	http://v4.tustreaming.cl:18128/stream	0
Insanity Radio	https://stream.cor.insanityradio.com/insanity.flac	0
Intense Radio	http://secure.live-streams.nl/flac.flac	0
JB Radio-2	https://mediacp.jb-radio.net:8001/flac	0
Joy Hits	http://joyhits.online/joyhits.flac.ogg	0
Le Bon Mix	https://stream10.xdevel.com/audio17s976748-2218/stream/icecast.audio	0
Le Son Parisien	http://stream.lesonparisien.com/live.flac	0
openbroadcast	http://stream.openbroadcast.ch/16bit.flac	0
Open Sky Radio	https://audio.opensky.radio:8082/flac?_res_tag_=audio	0
Pi ano	http://stream.p-node.org/piano.flac	0
Punkrockers Radio	https://stream.punkrockers-radio.de:8443/prr.flac	0
Radio Blues Flac	https://streams.radiomast.io/radioblues-flac	0
Radio G!	http://46.105.110.80:8000/fluxradiogHD	0
Radio Jeunes Rheims	http://stream.rjrradio.fr:8000/rjr-dab.flac	0
Radio Kemonia	http://kemoniastreaming2.net:8060/stream	0
Radio Random	http://radiorandom.org:8000/WBJM-FLAC	0
Radio Remusica	http://v4.tustreaming.cl:18144/stream	0
Radio Sputnik	https://radiosputnik.nl:8443/flac	0
Zappa Stream Radio	https://streams.norbert.de/zappa.flac	0
BIG BANG RADIO HQ	https://audio-edge-cmc51.fra.h.radiomast.io/2b410ada-8653-40aa-a654-3e8954cf4a4d	0
Calamar Rradio	http://www.calamarrradio.org:8000/stream	0
Danubius Radio	https://danubiusradio.hu/live_HiFi.mp3	0
DHECTAR Radio	http://manager.dhectar.fr:1300/stream	0
DHECTAR Hits	http://manager.dhectar.fr:1110/stream	0
Djam Radio	https://stream10.xdevel.com/audio15s976748-2280/stream/icecast.audio	0
ForEver La Radio	http://stream.sweetfm.fr:8000/flac-forever-arc	0
Futura.FM	https://futura.fm/stream.ogg?ts=1699656027.325	0
TrancePulse	https://stream.trance.ie/tpmixes	0
AIDAradio	https://cdn05.radio.cloud:8128/AIDA-OMNIA-GAI	0
High Fi Dream Radio	https://cdn06-us-east.radio.cloud/80ba63862a97bd69c593cc7a2ccaab1c_hq	0
VFR '80s Thrash	https://tuneintoradio1.com/listen/vfr_80s/stream.flac	0
VFR General Thrash	https://tuneintoradio1.com/listen/violent_forces_radio/stream.flac	0
TEKnival Radio	https://listen.teknivalradio.com/listen/teknivalradio/radio.flac	0
Magic Radio	https://mp3.magic-radio.net/flac	0
Czech Radio CRo D-dur	http://amp.cesnet.cz:8000/cro-d-dur.flac	0
Czech Radio CRo Jazz	http://amp.cesnet.cz:8000/cro-jazz.flac	0
Czech Radio CRo RadioWaveBank 16 Stacja 83	http://amp.cesnet.cz:8000/cro-radio-wave.flac	0
Czech Radio CRo Vltava	http://amp.cesnet.cz:8000/cro3.flac	0
RadioSEGA	https://icecast.radiosega.net/rs-flac.ogg	0
Radio SmoothJazz PL	http://bcast.vigormultimedia.com:8888/sjcomplflac	0
